id,team_fifa_api_id,team_api_id,date,buildUpPlaySpeed,buildUpPlaySpeedClass,buildUpPlayDribbling,buildUpPlayDribblingClass,buildUpPlayPassing,buildUpPlayPassingClass,buildUpPlayPositioningClass,chanceCreationPassing,chanceCreationPassingClass,chanceCreationCrossing,chanceCreationCrossingClass,chanceCreationShooting,chanceCreationShootingClass,chanceCreationPositioningClass,defencePressure,defencePressureClass,defenceAggression,defenceAggressionClass,defenceTeamWidth,defenceTeamWidthClass,defenceDefenderLineClass,attack_score,defence_score,overall_custom
1,434,9930,2010-02-22 00:00:00,60,Balanced,49.0,Little,50.0,Mixed,Organised,60.0,Normal,65.0,Normal,55.0,Normal,Organised,50,Medium,55.0,Press,45.0,Normal,Cover,60.0,50.0,55.0
2,434,9930,2014-09-19 00:00:00,52,Balanced,48.0,Normal,56.0,Mixed,Organised,54.0,Normal,63.0,Normal,64.0,Normal,Organised,47,Medium,44.0,Press,54.0,Normal,Cover,60.333333333333336,48.333333333333336,54.333333333333336
3,434,9930,2015-09-10 00:00:00,47,Balanced,41.0,Normal,54.0,Mixed,Organised,54.0,Normal,63.0,Normal,64.0,Normal,Organised,47,Medium,44.0,Press,54.0,Normal,Cover,60.333333333333336,48.333333333333336,54.333333333333336
4,77,8485,2010-02-22 00:00:00,70,Fast,49.0,Little,70.0,Long,Organised,70.0,Risky,70.0,Lots,70.0,Lots,Organised,60,Medium,70.0,Double,70.0,Wide,Cover,70.0,66.66666666666667,68.33333333333334
5,77,8485,2011-02-22 00:00:00,47,Balanced,49.0,Little,52.0,Mixed,Organised,53.0,Normal,48.0,Normal,52.0,Normal,Organised,47,Medium,47.0,Press,52.0,Normal,Cover,51.0,48.666666666666664,49.83333333333333
6,77,8485,2012-02-22 00:00:00,58,Balanced,49.0,Little,62.0,Mixed,Organised,45.0,Normal,70.0,Lots,55.0,Normal,Organised,40,Medium,40.0,Press,60.0,Normal,Cover,56.666666666666664,46.666666666666664,51.666666666666664
7,77,8485,2013-09-20 00:00:00,62,Balanced,49.0,Little,45.0,Mixed,Organised,40.0,Normal,50.0,Normal,55.0,Normal,Organised,42,Medium,42.0,Press,60.0,Normal,Cover,48.333333333333336,48.0,48.16666666666667
8,77,8485,2014-09-19 00:00:00,58,Balanced,64.0,Normal,62.0,Mixed,Organised,56.0,Normal,68.0,Lots,57.0,Normal,Organised,41,Medium,42.0,Press,60.0,Normal,Cover,60.333333333333336,47.666666666666664,54.0
9,77,8485,2015-09-10 00:00:00,59,Balanced,64.0,Normal,53.0,Mixed,Organised,51.0,Normal,72.0,Lots,63.0,Normal,Free Form,49,Medium,45.0,Press,63.0,Normal,Cover,62.0,52.333333333333336,57.16666666666667
10,614,8576,2010-02-22 00:00:00,60,Balanced,49.0,Little,40.0,Mixed,Organised,45.0,Normal,35.0,Normal,55.0,Normal,Organised,30,Deep,70.0,Double,30.5,Narrow,Offside Trap,45.0,43.5,44.25
11,614,8576,2011-02-22 00:00:00,65,Balanced,49.0,Little,45.0,Mixed,Organised,65.0,Normal,65.0,Normal,50.0,Normal,Organised,45,Medium,45.0,Press,50.0,Normal,Cover,60.0,46.666666666666664,53.33333333333333
12,614,8576,2012-02-22 00:00:00,59,Balanced,49.0,Little,52.0,Mixed,Organised,48.0,Normal,34.0,Normal,52.0,Normal,Organised,38,Medium,47.0,Press,53.0,Normal,Cover,44.666666666666664,46.0,45.33333333333333
13,614,8576,2013-09-20 00:00:00,59,Balanced,49.0,Little,52.0,Mixed,Organised,48.0,Normal,34.0,Normal,52.0,Normal,Organised,38,Medium,47.0,Press,53.0,Normal,Cover,44.666666666666664,46.0,45.33333333333333
14,614,8576,2014-09-19 00:00:00,59,Balanced,57.0,Normal,52.0,Mixed,Organised,48.0,Normal,38.0,Normal,52.0,Normal,Organised,38,Medium,47.0,Press,53.0,Normal,Cover,46.0,46.0,46.0
15,614,8576,2015-09-10 00:00:00,59,Balanced,57.0,Normal,52.0,Mixed,Organised,48.0,Normal,38.0,Normal,52.0,Normal,Organised,38,Medium,47.0,Press,53.0,Normal,Cover,46.0,46.0,46.0
16,47,8564,2010-02-22 00:00:00,45,Balanced,49.0,Little,30.0,Short,Free Form,55.0,Normal,45.0,Normal,70.0,Lots,Free Form,30,Deep,35.0,Press,60.0,Normal,Offside Trap,56.666666666666664,41.666666666666664,49.166666666666664
17,47,8564,2011-02-22 00:00:00,65,Balanced,49.0,Little,50.0,Mixed,Organised,50.0,Normal,60.0,Normal,50.0,Normal,Free Form,50,Medium,50.0,Press,50.0,Normal,Offside Trap,53.333333333333336,50.0,51.66666666666667
18,47,8564,2012-02-22 00:00:00,45,Balanced,49.0,Little,50.0,Mixed,Organised,65.0,Normal,24.5,Little,50.0,Normal,Free Form,45,Medium,45.0,Press,50.0,Normal,Cover,46.5,46.666666666666664,46.58333333333333
19,47,8564,2013-09-20 00:00:00,48,Balanced,49.0,Little,54.0,Mixed,Organised,51.0,Normal,53.0,Normal,64.0,Normal,Free Form,48,Medium,49.0,Press,53.0,Normal,Cover,56.0,50.0,53.0
20,47,8564,2014-09-19 00:00:00,48,Balanced,70.0,Lots,52.0,Mixed,Organised,66.0,Normal,36.0,Normal,75.0,Lots,Organised,58,Medium,57.0,Press,49.0,Normal,Cover,59.0,54.666666666666664,56.83333333333333
21,47,8564,2015-09-10 00:00:00,48,Balanced,70.0,Lots,52.0,Mixed,Organised,66.0,Normal,36.0,Normal,69.0,Lots,Organised,58,Medium,57.0,Press,49.0,Normal,Cover,57.0,54.666666666666664,55.83333333333333
22,1901,10215,2010-02-22 00:00:00,30,Slow,49.0,Little,30.0,Short,Organised,50.0,Normal,60.0,Normal,55.0,Normal,Organised,30,Deep,30.0,Contain,30.5,Narrow,Offside Trap,55.0,30.166666666666668,42.583333333333336
23,1901,10215,2011-02-22 00:00:00,30,Slow,49.0,Little,50.0,Mixed,Organised,50.0,Normal,50.0,Normal,55.0,Normal,Organised,30,Deep,45.0,Press,65.0,Normal,Cover,51.666666666666664,46.666666666666664,49.166666666666664
24,1901,10215,2012-02-22 00:00:00,45,Balanced,49.0,Little,44.0,Mixed,Organised,55.0,Normal,57.0,Normal,60.0,Normal,Organised,52,Medium,38.0,Press,61.0,Normal,Cover,57.333333333333336,50.333333333333336,53.833333333333336
25,1901,10215,2013-09-20 00:00:00,45,Balanced,49.0,Little,44.0,Mixed,Organised,55.0,Normal,57.0,Normal,60.0,Normal,Organised,52,Medium,38.0,Press,61.0,Normal,Cover,57.333333333333336,50.333333333333336,53.833333333333336
26,1901,10215,2014-09-19 00:00:00,52,Balanced,53.0,Normal,44.0,Mixed,Organised,55.0,Normal,51.0,Normal,60.0,Normal,Organised,39,Medium,38.0,Press,61.0,Normal,Cover,55.333333333333336,46.0,50.66666666666667
27,1901,10215,2015-09-10 00:00:00,53,Balanced,53.0,Normal,44.0,Mixed,Organised,55.0,Normal,51.0,Normal,60.0,Normal,Organised,39,Medium,38.0,Press,61.0,Normal,Cover,55.333333333333336,46.0,50.66666666666667
28,650,10217,2010-02-22 00:00:00,30,Slow,49.0,Little,35.0,Mixed,Organised,30.0,Safe,50.0,Normal,65.0,Normal,Organised,30,Deep,30.0,Contain,30.5,Narrow,Cover,48.333333333333336,30.166666666666668,39.25
29,650,10217,2011-02-22 00:00:00,53,Balanced,49.0,Little,53.0,Mixed,Organised,48.0,Normal,67.0,Lots,66.0,Normal,Organised,46,Medium,62.0,Press,65.0,Normal,Cover,60.333333333333336,57.666666666666664,59.0
30,650,10217,2012-02-22 00:00:00,38,Balanced,49.0,Little,44.0,Mixed,Organised,55.0,Normal,60.0,Normal,44.0,Normal,Organised,50,Medium,58.0,Press,62.0,Normal,Cover,53.0,56.666666666666664,54.83333333333333
31,650,10217,2013-09-20 00:00:00,38,Balanced,49.0,Little,47.0,Mixed,Organised,55.0,Normal,55.0,Normal,44.0,Normal,Organised,50,Medium,58.0,Press,52.0,Normal,Cover,51.333333333333336,53.333333333333336,52.333333333333336
32,650,10217,2014-09-19 00:00:00,58,Balanced,47.0,Normal,55.0,Mixed,Organised,55.0,Normal,52.0,Normal,44.0,Normal,Organised,57,Medium,50.0,Press,52.0,Normal,Cover,50.333333333333336,53.0,51.66666666666667
33,650,10217,2015-09-10 00:00:00,56,Balanced,40.0,Normal,66.0,Mixed,Organised,55.0,Normal,52.0,Normal,38.0,Normal,Organised,40,Medium,50.0,Press,52.0,Normal,Cover,48.333333333333336,47.333333333333336,47.833333333333336
34,245,8593,2010-02-22 00:00:00,30,Slow,49.0,Little,30.0,Short,Free Form,50.0,Normal,60.0,Normal,70.0,Lots,Organised,30,Deep,30.0,Contain,30.5,Narrow,Cover,60.0,30.166666666666668,45.083333333333336
35,245,8593,2011-02-22 00:00:00,40,Balanced,49.0,Little,38.0,Mixed,Free Form,67.0,Risky,65.0,Normal,67.0,Lots,Organised,65,Medium,57.0,Press,63.0,Normal,Cover,66.33333333333333,61.666666666666664,64.0
36,245,8593,2012-02-22 00:00:00,31,Slow,49.0,Little,33.0,Short,Organised,39.0,Normal,64.0,Normal,46.0,Normal,Free Form,68,High,65.0,Press,60.0,Normal,Cover,49.666666666666664,64.33333333333333,57.0
37,245,8593,2013-09-20 00:00:00,35,Balanced,49.0,Little,33.0,Short,Free Form,39.0,Normal,52.0,Normal,46.0,Normal,Free Form,68,High,65.0,Press,50.0,Normal,Cover,45.666666666666664,61.0,53.33333333333333
38,245,8593,2014-09-19 00:00:00,40,Balanced,40.0,Normal,30.0,Short,Organised,51.0,Normal,55.0,Normal,39.0,Normal,Free Form,64,Medium,53.0,Press,64.0,Normal,Cover,48.333333333333336,60.333333333333336,54.333333333333336
39,245,8593,2015-09-10 00:00:00,35,Balanced,43.0,Normal,39.0,Mixed,Organised,58.0,Normal,55.0,Normal,30.0,Little,Free Form,64,Medium,53.0,Press,59.0,Normal,Cover,47.666666666666664,58.666666666666664,53.166666666666664
40,1861,9865,2010-02-22 00:00:00,65,Balanced,49.0,Little,45.0,Mixed,Organised,45.0,Normal,45.0,Normal,70.0,Lots,Organised,69,High,65.0,Press,30.5,Narrow,Cover,53.333333333333336,54.833333333333336,54.083333333333336
41,1861,9865,2011-02-22 00:00:00,55,Balanced,49.0,Little,53.0,Mixed,Organised,57.0,Normal,54.0,Normal,69.0,Lots,Organised,58,Medium,68.0,Double,67.0,Wide,Cover,60.0,64.33333333333333,62.166666666666664
42,1861,9865,2012-02-22 00:00:00,42,Balanced,49.0,Little,70.0,Long,Organised,57.0,Normal,54.0,Normal,40.0,Normal,Organised,37,Medium,53.0,Press,45.0,Normal,Cover,50.333333333333336,45.0,47.66666666666667
43,1861,9865,2013-09-20 00:00:00,46,Balanced,49.0,Little,65.0,Mixed,Organised,57.0,Normal,54.0,Normal,40.0,Normal,Organised,37,Medium,53.0,Press,45.0,Normal,Cover,50.333333333333336,45.0,47.66666666666667
44,1861,9865,2014-09-19 00:00:00,46,Balanced,41.0,Normal,65.0,Mixed,Organised,57.0,Normal,54.0,Normal,40.0,Normal,Organised,37,Medium,53.0,Press,45.0,Normal,Cover,50.333333333333336,45.0,47.66666666666667
45,1861,9865,2015-09-10 00:00:00,46,Balanced,41.0,Normal,65.0,Mixed,Organised,57.0,Normal,54.0,Normal,40.0,Normal,Organised,37,Medium,53.0,Press,45.0,Normal,Cover,50.333333333333336,45.0,47.66666666666667
46,229,8635,2010-02-22 00:00:00,50,Balanced,49.0,Little,35.0,Mixed,Organised,70.0,Risky,50.0,Normal,60.0,Normal,Organised,69,High,50.0,Press,70.0,Wide,Cover,60.0,63.0,61.5
47,229,8635,2011-02-22 00:00:00,50,Balanced,49.0,Little,52.0,Mixed,Free Form,70.0,Risky,50.0,Normal,60.0,Normal,Organised,69,High,50.0,Press,70.0,Wide,Offside Trap,60.0,63.0,61.5
48,229,8635,2012-02-22 00:00:00,52,Balanced,49.0,Little,41.0,Mixed,Organised,53.0,Normal,57.0,Normal,47.0,Normal,Organised,45,Medium,43.0,Press,52.0,Normal,Cover,52.333333333333336,46.666666666666664,49.5
49,229,8635,2013-09-20 00:00:00,52,Balanced,49.0,Little,41.0,Mixed,Organised,68.0,Risky,67.0,Lots,47.0,Normal,Organised,60,Medium,43.0,Press,65.0,Normal,Cover,60.666666666666664,56.0,58.33333333333333
50,229,8635,2014-09-19 00:00:00,52,Balanced,46.0,Normal,51.0,Mixed,Organised,60.0,Normal,53.0,Normal,47.0,Normal,Organised,60,Medium,50.0,Press,65.0,Normal,Cover,53.333333333333336,58.333333333333336,55.833333333333336
51,229,8635,2015-09-10 00:00:00,52,Balanced,46.0,Normal,51.0,Mixed,Organised,60.0,Normal,53.0,Normal,47.0,Normal,Organised,53,Medium,50.0,Press,61.0,Normal,Cover,53.333333333333336,54.666666666666664,54.0
52,1530,8121,2010-02-22 00:00:00,45,Balanced,49.0,Little,35.0,Mixed,Organised,35.0,Normal,50.0,Normal,60.0,Normal,Organised,30,Deep,55.0,Press,30.5,Narrow,Offside Trap,48.333333333333336,38.5,43.41666666666667
53,1530,8121,2011-02-22 00:00:00,65,Balanced,49.0,Little,50.0,Mixed,Organised,50.0,Normal,65.0,Normal,65.0,Normal,Organised,45,Medium,45.0,Press,50.0,Normal,Cover,60.0,46.666666666666664,53.33333333333333
54,1530,8121,2012-02-22 00:00:00,50,Balanced,49.0,Little,50.0,Mixed,Organised,52.0,Normal,52.0,Normal,48.0,Normal,Organised,44,Medium,44.0,Press,51.0,Normal,Cover,50.666666666666664,46.333333333333336,48.5
55,1530,8121,2013-09-20 00:00:00,50,Balanced,49.0,Little,50.0,Mixed,Organised,52.0,Normal,52.0,Normal,48.0,Normal,Organised,44,Medium,44.0,Press,51.0,Normal,Cover,50.666666666666664,46.333333333333336,48.5
56,1530,8121,2014-09-19 00:00:00,48,Balanced,61.0,Normal,50.0,Mixed,Organised,40.0,Normal,52.0,Normal,48.0,Normal,Organised,44,Medium,44.0,Press,51.0,Normal,Cover,46.666666666666664,46.333333333333336,46.5
57,1530,8121,2015-09-10 00:00:00,48,Balanced,61.0,Normal,50.0,Mixed,Organised,40.0,Normal,52.0,Normal,48.0,Normal,Organised,44,Medium,44.0,Press,51.0,Normal,Cover,46.666666666666664,46.333333333333336,46.5
58,111082,8322,2010-02-22 00:00:00,30,Slow,49.0,Little,45.0,Mixed,Organised,45.0,Normal,35.0,Normal,70.0,Lots,Organised,65,Medium,70.0,Double,70.0,Wide,Cover,50.0,68.33333333333333,59.166666666666664
59,111082,8322,2011-02-22 00:00:00,46,Balanced,49.0,Little,37.0,Mixed,Organised,33.0,Safe,62.0,Normal,52.0,Normal,Organised,47,Medium,48.0,Press,45.0,Normal,Cover,49.0,46.666666666666664,47.83333333333333
60,111989,108893,2010-02-22 00:00:00,50,Balanced,49.0,Little,65.0,Mixed,Organised,30.0,Safe,35.0,Normal,30.0,Little,Organised,30,Deep,50.0,Press,35.0,Normal,Cover,31.666666666666668,38.333333333333336,35.0
61,111989,108893,2011-02-22 00:00:00,50,Balanced,49.0,Little,65.0,Mixed,Organised,35.0,Normal,35.0,Normal,35.0,Normal,Organised,25,Deep,45.0,Press,35.0,Normal,Cover,35.0,35.0,35.0
62,111989,108893,2012-02-22 00:00:00,23,Slow,49.0,Little,33.0,Short,Organised,49.0,Normal,40.0,Normal,43.0,Normal,Organised,44,Medium,32.0,Contain,36.0,Normal,Cover,44.0,37.333333333333336,40.66666666666667
63,111989,108893,2013-09-20 00:00:00,41,Balanced,49.0,Little,48.0,Mixed,Organised,58.0,Normal,40.0,Normal,43.0,Normal,Organised,39,Medium,43.0,Press,58.0,Normal,Cover,47.0,46.666666666666664,46.83333333333333
64,111989,108893,2014-09-19 00:00:00,39,Balanced,48.0,Normal,54.0,Mixed,Organised,49.0,Normal,40.0,Normal,43.0,Normal,Organised,44,Medium,53.0,Press,57.0,Normal,Cover,44.0,51.333333333333336,47.66666666666667
65,111989,108893,2015-09-10 00:00:00,56,Balanced,46.0,Normal,54.0,Mixed,Organised,55.0,Normal,40.0,Normal,43.0,Normal,Organised,48,Medium,53.0,Press,57.0,Normal,Cover,46.0,52.666666666666664,49.33333333333333
66,159,9912,2010-02-22 00:00:00,40,Balanced,49.0,Little,65.0,Mixed,Organised,45.0,Normal,70.0,Lots,50.0,Normal,Organised,45,Medium,40.0,Press,50.0,Normal,Cover,55.0,45.0,50.0
67,159,9912,2011-02-22 00:00:00,46,Balanced,49.0,Little,58.0,Mixed,Organised,45.0,Normal,33.0,Little,42.0,Normal,Organised,38,Medium,48.0,Press,50.0,Normal,Cover,40.0,45.333333333333336,42.66666666666667
68,159,9912,2014-09-19 00:00:00,62,Balanced,49.0,Normal,55.0,Mixed,Organised,56.0,Normal,51.0,Normal,52.0,Normal,Organised,36,Medium,54.0,Press,48.0,Normal,Cover,53.0,46.0,49.5
69,112513,158085,2014-09-19 00:00:00,69,Fast,66.0,Normal,39.0,Mixed,Organised,55.0,Normal,59.0,Normal,46.0,Normal,Organised,35,Medium,37.0,Press,37.0,Normal,Cover,53.333333333333336,36.333333333333336,44.833333333333336
70,112513,158085,2015-09-10 00:00:00,65,Balanced,66.0,Normal,39.0,Mixed,Organised,55.0,Normal,59.0,Normal,46.0,Normal,Organised,37,Medium,39.0,Press,37.0,Normal,Cover,53.333333333333336,37.666666666666664,45.5
71,1,9825,2010-02-22 00:00:00,66,Balanced,49.0,Little,30.0,Short,Free Form,30.0,Safe,45.0,Normal,35.0,Normal,Free Form,30,Deep,40.0,Press,50.0,Normal,Cover,36.666666666666664,40.0,38.33333333333333
72,1,9825,2011-02-22 00:00:00,75,Fast,49.0,Little,40.0,Mixed,Free Form,40.0,Normal,45.0,Normal,65.0,Normal,Free Form,50,Medium,40.0,Press,45.0,Normal,Cover,50.0,45.0,47.5
73,1,9825,2012-02-22 00:00:00,25,Slow,49.0,Little,32.0,Short,Organised,41.0,Normal,34.0,Normal,30.0,Little,Free Form,57,Medium,57.0,Press,52.0,Normal,Cover,35.0,55.333333333333336,45.16666666666667
74,1,9825,2013-09-20 00:00:00,30,Slow,49.0,Little,29.0,Short,Organised,41.0,Normal,55.0,Normal,39.0,Normal,Free Form,64,Medium,54.0,Press,52.0,Normal,Cover,45.0,56.666666666666664,50.83333333333333
75,1,9825,2014-09-19 00:00:00,59,Balanced,51.0,Normal,26.0,Short,Organised,28.0,Safe,55.0,Normal,64.0,Normal,Free Form,51,Medium,44.0,Press,52.0,Normal,Cover,49.0,49.0,49.0
76,1,9825,2015-09-10 00:00:00,59,Balanced,51.0,Normal,30.0,Short,Organised,28.0,Safe,44.0,Normal,46.0,Normal,Free Form,51,Medium,44.0,Press,52.0,Normal,Cover,39.333333333333336,49.0,44.16666666666667
77,2,10252,2010-02-22 00:00:00,70,Fast,49.0,Little,59.0,Mixed,Organised,65.0,Normal,70.0,Lots,50.0,Normal,Free Form,30,Deep,70.0,Double,30.5,Narrow,Cover,61.666666666666664,43.5,52.58333333333333
78,2,10252,2011-02-22 00:00:00,65,Balanced,49.0,Little,50.0,Mixed,Organised,45.0,Normal,55.0,Normal,50.0,Normal,Organised,35,Medium,45.0,Press,65.0,Normal,Cover,50.0,48.333333333333336,49.16666666666667
79,2,10252,2012-02-22 00:00:00,67,Fast,49.0,Little,58.0,Mixed,Organised,44.0,Normal,60.0,Normal,56.0,Normal,Organised,43,Medium,50.0,Press,52.0,Normal,Cover,53.333333333333336,48.333333333333336,50.833333333333336
80,2,10252,2013-09-20 00:00:00,63,Balanced,49.0,Little,59.0,Mixed,Organised,52.0,Normal,55.0,Normal,34.0,Normal,Organised,39,Medium,41.0,Press,54.0,Normal,Cover,47.0,44.666666666666664,45.83333333333333
81,2,10252,2014-09-19 00:00:00,66,Balanced,32.0,Little,72.0,Long,Organised,63.0,Normal,48.0,Normal,56.0,Normal,Organised,39,Medium,42.0,Press,52.0,Normal,Cover,55.666666666666664,44.333333333333336,50.0
82,2,10252,2015-09-10 00:00:00,63,Balanced,37.0,Normal,54.0,Mixed,Organised,60.0,Normal,48.0,Normal,38.0,Normal,Organised,35,Medium,44.0,Press,54.0,Normal,Cover,48.666666666666664,44.333333333333336,46.5
83,39,8524,2010-02-22 00:00:00,35,Balanced,49.0,Little,40.0,Mixed,Organised,35.0,Normal,30.0,Little,55.0,Normal,Organised,30,Deep,30.0,Contain,55.0,Normal,Offside Trap,40.0,38.333333333333336,39.16666666666667
84,39,8524,2011-02-22 00:00:00,65,Balanced,49.0,Little,50.0,Mixed,Organised,50.0,Normal,65.0,Normal,55.0,Normal,Organised,45,Medium,55.0,Press,65.0,Normal,Cover,56.666666666666664,55.0,55.83333333333333
85,39,8524,2012-02-22 00:00:00,40,Balanced,49.0,Little,50.0,Mixed,Organised,53.0,Normal,47.0,Normal,50.0,Normal,Organised,55,Medium,42.0,Press,50.0,Normal,Cover,50.0,49.0,49.5
86,39,8524,2013-09-20 00:00:00,64,Balanced,49.0,Little,36.0,Mixed,Organised,38.0,Normal,49.0,Normal,51.0,Normal,Free Form,54,Medium,53.0,Press,49.0,Normal,Cover,46.0,52.0,49.0
87,39,8524,2014-09-19 00:00:00,64,Balanced,45.0,Normal,37.0,Mixed,Organised,38.0,Normal,49.0,Normal,51.0,Normal,Organised,36,Medium,66.0,Press,49.0,Normal,Cover,46.0,50.333333333333336,48.16666666666667
88,39,8524,2015-09-10 00:00:00,64,Balanced,45.0,Normal,37.0,Mixed,Organised,38.0,Normal,49.0,Normal,51.0,Normal,Organised,36,Medium,63.0,Press,49.0,Normal,Cover,46.0,49.333333333333336,47.66666666666667
89,448,8315,2010-02-22 00:00:00,60,Balanced,49.0,Little,45.0,Mixed,Organised,35.0,Normal,70.0,Lots,55.0,Normal,Organised,30,Deep,70.0,Double,35.0,Normal,Cover,53.333333333333336,45.0,49.16666666666667
90,448,8315,2011-02-22 00:00:00,70,Fast,49.0,Little,69.0,Long,Organised,55.0,Normal,72.0,Lots,57.0,Normal,Organised,48,Medium,67.0,Double,55.0,Normal,Cover,61.333333333333336,56.666666666666664,59.0
91,448,8315,2012-02-22 00:00:00,42,Balanced,49.0,Little,59.0,Mixed,Organised,36.0,Normal,78.0,Lots,59.0,Normal,Organised,37,Medium,60.0,Press,68.0,Wide,Cover,57.666666666666664,55.0,56.33333333333333
92,448,8315,2013-09-20 00:00:00,46,Balanced,49.0,Little,38.0,Mixed,Organised,52.0,Normal,73.0,Lots,37.0,Normal,Free Form,37,Medium,60.0,Press,68.0,Wide,Cover,54.0,55.0,54.5
93,448,8315,2014-09-19 00:00:00,46,Balanced,41.0,Normal,38.0,Mixed,Organised,52.0,Normal,68.0,Lots,37.0,Normal,Organised,37,Medium,60.0,Press,65.0,Normal,Cover,52.333333333333336,54.0,53.16666666666667
94,448,8315,2015-09-10 00:00:00,46,Balanced,46.0,Normal,39.0,Mixed,Organised,50.0,Normal,60.0,Normal,36.0,Normal,Free Form,49,Medium,57.0,Press,50.0,Normal,Cover,48.666666666666664,52.0,50.33333333333333
95,240,9906,2010-02-22 00:00:00,64,Balanced,49.0,Little,30.0,Short,Free Form,65.0,Normal,50.0,Normal,70.0,Lots,Free Form,69,High,34.0,Press,55.0,Normal,Offside Trap,61.666666666666664,52.666666666666664,57.166666666666664
96,240,9906,2011-02-22 00:00:00,57,Balanced,49.0,Little,54.0,Mixed,Organised,58.0,Normal,69.0,Lots,79.0,Lots,Organised,58,Medium,48.0,Press,54.0,Normal,Cover,68.66666666666667,53.333333333333336,61.0
97,240,9906,2012-02-22 00:00:00,47,Balanced,49.0,Little,51.0,Mixed,Organised,67.0,Risky,63.0,Normal,54.0,Normal,Organised,52,Medium,37.0,Press,55.0,Normal,Cover,61.333333333333336,48.0,54.66666666666667
98,240,9906,2013-09-20 00:00:00,47,Balanced,49.0,Little,51.0,Mixed,Organised,70.0,Risky,65.0,Normal,54.0,Normal,Organised,52,Medium,37.0,Press,55.0,Normal,Cover,63.0,48.0,55.5
99,240,9906,2014-09-19 00:00:00,47,Balanced,52.0,Normal,51.0,Mixed,Organised,67.0,Risky,67.0,Lots,54.0,Normal,Organised,52,Medium,37.0,Press,55.0,Normal,Cover,62.666666666666664,48.0,55.33333333333333
100,240,9906,2015-09-10 00:00:00,57,Balanced,50.0,Normal,50.0,Mixed,Organised,61.0,Normal,62.0,Normal,49.0,Normal,Organised,49,Medium,42.0,Press,52.0,Normal,Cover,57.333333333333336,47.666666666666664,52.5
101,100409,8406,2010-02-22 00:00:00,45,Balanced,49.0,Little,45.0,Mixed,Organised,35.0,Normal,70.0,Lots,70.0,Lots,Organised,45,Medium,55.0,Press,45.0,Normal,Cover,58.333333333333336,48.333333333333336,53.333333333333336
102,100409,8406,2011-02-22 00:00:00,68,Fast,49.0,Little,40.0,Mixed,Organised,52.0,Normal,64.0,Normal,72.0,Lots,Organised,59,Medium,49.0,Press,42.0,Normal,Cover,62.666666666666664,50.0,56.33333333333333
103,100409,8406,2012-02-22 00:00:00,55,Balanced,49.0,Little,55.0,Mixed,Organised,49.0,Normal,57.0,Normal,55.0,Normal,Organised,47,Medium,58.0,Press,56.0,Normal,Cover,53.666666666666664,53.666666666666664,53.666666666666664
104,100409,8406,2013-09-20 00:00:00,40,Balanced,49.0,Little,55.0,Mixed,Organised,49.0,Normal,72.0,Lots,53.0,Normal,Organised,33,Deep,43.0,Press,52.0,Normal,Cover,58.0,42.666666666666664,50.33333333333333
105,100409,8406,2014-09-19 00:00:00,62,Balanced,38.0,Normal,69.0,Long,Organised,41.0,Normal,63.0,Normal,56.0,Normal,Organised,47,Medium,55.0,Press,52.0,Normal,Cover,53.333333333333336,51.333333333333336,52.333333333333336
106,100409,8406,2015-09-10 00:00:00,59,Balanced,51.0,Normal,55.0,Mixed,Organised,49.0,Normal,62.0,Normal,55.0,Normal,Organised,34,Medium,50.0,Press,59.0,Normal,Cover,55.333333333333336,47.666666666666664,51.5
107,57,8583,2010-02-22 00:00:00,30,Slow,49.0,Little,70.0,Long,Organised,35.0,Normal,65.0,Normal,35.0,Normal,Organised,30,Deep,55.0,Press,30.5,Narrow,Cover,45.0,38.5,41.75
108,57,8583,2011-02-22 00:00:00,35,Balanced,49.0,Little,65.0,Mixed,Organised,35.0,Normal,65.0,Normal,50.0,Normal,Organised,35,Medium,45.0,Press,65.0,Normal,Cover,50.0,48.333333333333336,49.16666666666667
109,57,8583,2012-02-22 00:00:00,64,Balanced,49.0,Little,49.0,Mixed,Organised,51.0,Normal,63.0,Normal,50.0,Normal,Organised,34,Medium,45.0,Press,36.0,Normal,Cover,54.666666666666664,38.333333333333336,46.5
110,57,8583,2013-09-20 00:00:00,64,Balanced,49.0,Little,49.0,Mixed,Organised,51.0,Normal,63.0,Normal,50.0,Normal,Organised,34,Medium,45.0,Press,41.0,Normal,Cover,54.666666666666664,40.0,47.33333333333333
111,57,8583,2014-09-19 00:00:00,64,Balanced,55.0,Normal,49.0,Mixed,Organised,51.0,Normal,63.0,Normal,50.0,Normal,Organised,34,Medium,45.0,Press,36.0,Normal,Cover,54.666666666666664,38.333333333333336,46.5
112,57,8583,2015-09-10 00:00:00,64,Balanced,55.0,Normal,49.0,Mixed,Organised,51.0,Normal,63.0,Normal,50.0,Normal,Organised,34,Medium,45.0,Press,40.0,Normal,Cover,54.666666666666664,39.666666666666664,47.166666666666664
113,1906,10229,2010-02-22 00:00:00,55,Balanced,49.0,Little,45.0,Mixed,Organised,40.0,Normal,30.0,Little,60.0,Normal,Organised,30,Deep,30.0,Contain,50.0,Normal,Cover,43.333333333333336,36.666666666666664,40.0
114,1906,10229,2011-02-22 00:00:00,45,Balanced,49.0,Little,31.0,Short,Organised,45.0,Normal,74.0,Lots,66.0,Normal,Organised,60,Medium,50.0,Press,65.0,Normal,Cover,61.666666666666664,58.333333333333336,60.0
115,1906,10229,2012-02-22 00:00:00,46,Balanced,49.0,Little,36.0,Mixed,Organised,47.0,Normal,48.0,Normal,52.0,Normal,Organised,60,Medium,65.0,Press,59.0,Normal,Cover,49.0,61.333333333333336,55.16666666666667
116,1906,10229,2013-09-20 00:00:00,62,Balanced,49.0,Little,40.0,Mixed,Organised,67.0,Risky,48.0,Normal,52.0,Normal,Organised,50,Medium,65.0,Press,59.0,Normal,Cover,55.666666666666664,58.0,56.83333333333333
117,1906,10229,2014-09-19 00:00:00,52,Balanced,38.0,Normal,46.0,Mixed,Organised,60.0,Normal,56.0,Normal,52.0,Normal,Free Form,50,Medium,61.0,Press,55.0,Normal,Cover,56.0,55.333333333333336,55.66666666666667
118,1906,10229,2015-09-10 00:00:00,50,Balanced,46.0,Normal,58.0,Mixed,Organised,67.0,Risky,56.0,Normal,50.0,Normal,Organised,50,Medium,61.0,Press,55.0,Normal,Cover,57.666666666666664,55.333333333333336,56.5
119,241,8634,2010-02-22 00:00:00,42,Balanced,49.0,Little,30.0,Short,Free Form,65.0,Normal,40.0,Normal,70.0,Lots,Free Form,69,High,30.0,Contain,70.0,Wide,Offside Trap,58.333333333333336,56.333333333333336,57.333333333333336
120,241,8634,2011-02-22 00:00:00,43,Balanced,49.0,Little,34.0,Mixed,Free Form,59.0,Normal,25.0,Little,68.0,Lots,Free Form,67,High,43.0,Press,68.0,Wide,Cover,50.666666666666664,59.333333333333336,55.0
121,241,8634,2012-02-22 00:00:00,24,Slow,49.0,Little,25.0,Short,Free Form,37.0,Normal,24.5,Little,54.0,Normal,Free Form,66,Medium,63.0,Press,66.0,Normal,Cover,38.5,65.0,51.75
122,241,8634,2013-09-20 00:00:00,35,Balanced,49.0,Little,32.0,Short,Free Form,37.0,Normal,31.0,Little,35.0,Normal,Free Form,61,Medium,63.0,Press,65.0,Normal,Cover,34.333333333333336,63.0,48.66666666666667
123,241,8634,2014-09-19 00:00:00,35,Balanced,35.0,Normal,32.0,Short,Free Form,37.0,Normal,31.0,Little,35.0,Normal,Free Form,61,Medium,63.0,Press,65.0,Normal,Cover,34.333333333333336,63.0,48.66666666666667
124,241,8634,2015-09-10 00:00:00,36,Balanced,35.0,Normal,51.0,Mixed,Free Form,36.0,Normal,49.0,Normal,56.0,Normal,Free Form,61,Medium,65.0,Press,65.0,Normal,Cover,47.0,63.666666666666664,55.33333333333333
125,1848,9976,2010-02-22 00:00:00,30,Slow,49.0,Little,30.0,Short,Free Form,30.0,Safe,40.0,Normal,65.0,Normal,Organised,40,Medium,30.0,Contain,45.0,Normal,Offside Trap,45.0,38.333333333333336,41.66666666666667
126,1848,9976,2011-02-22 00:00:00,65,Balanced,49.0,Little,35.0,Mixed,Free Form,65.0,Normal,63.0,Normal,65.0,Normal,Organised,55,Medium,45.0,Press,60.0,Normal,Offside Trap,64.33333333333333,53.333333333333336,58.83333333333333
127,1848,9976,2012-02-22 00:00:00,50,Balanced,49.0,Little,50.0,Mixed,Organised,50.0,Normal,35.0,Normal,50.0,Normal,Organised,45,Medium,45.0,Press,50.0,Normal,Cover,45.0,46.666666666666664,45.83333333333333
128,1848,9976,2013-09-20 00:00:00,55,Balanced,49.0,Little,57.0,Mixed,Organised,54.0,Normal,44.0,Normal,60.0,Normal,Organised,49,Medium,51.0,Press,61.0,Normal,Cover,52.666666666666664,53.666666666666664,53.166666666666664
129,1848,9976,2014-09-19 00:00:00,55,Balanced,40.0,Normal,57.0,Mixed,Organised,54.0,Normal,44.0,Normal,56.0,Normal,Organised,49,Medium,51.0,Press,53.0,Normal,Cover,51.333333333333336,51.0,51.16666666666667
130,1848,9976,2015-09-10 00:00:00,52,Balanced,40.0,Normal,65.0,Mixed,Organised,40.0,Normal,55.0,Normal,48.0,Normal,Organised,50,Medium,51.0,Press,55.0,Normal,Cover,47.666666666666664,52.0,49.83333333333333
131,896,9931,2010-02-22 00:00:00,40,Balanced,49.0,Little,45.0,Mixed,Organised,50.0,Normal,65.0,Normal,50.0,Normal,Organised,60,Medium,60.0,Press,60.0,Normal,Cover,55.0,60.0,57.5
132,896,9931,2011-02-22 00:00:00,46,Balanced,49.0,Little,40.0,Mixed,Organised,51.0,Normal,54.0,Normal,49.0,Normal,Organised,38,Medium,53.0,Press,55.0,Normal,Cover,51.333333333333336,48.666666666666664,50.0
133,896,9931,2012-02-22 00:00:00,61,Balanced,49.0,Little,46.0,Mixed,Organised,66.0,Normal,66.0,Normal,54.0,Normal,Organised,47,Medium,58.0,Press,53.0,Normal,Cover,62.0,52.666666666666664,57.33333333333333
134,896,9931,2013-09-20 00:00:00,61,Balanced,49.0,Little,46.0,Mixed,Organised,66.0,Normal,66.0,Normal,54.0,Normal,Organised,47,Medium,58.0,Press,53.0,Normal,Cover,62.0,52.666666666666664,57.33333333333333
135,896,9931,2014-09-19 00:00:00,61,Balanced,63.0,Normal,46.0,Mixed,Organised,66.0,Normal,66.0,Normal,54.0,Normal,Organised,47,Medium,58.0,Press,53.0,Normal,Cover,62.0,52.666666666666664,57.33333333333333
136,896,9931,2015-09-10 00:00:00,61,Balanced,63.0,Normal,46.0,Mixed,Organised,66.0,Normal,66.0,Normal,54.0,Normal,Organised,47,Medium,58.0,Press,53.0,Normal,Cover,62.0,52.666666666666664,57.33333333333333
137,32,8178,2010-02-22 00:00:00,70,Fast,49.0,Little,30.0,Short,Organised,70.0,Risky,70.0,Lots,70.0,Lots,Organised,69,High,60.0,Press,70.0,Wide,Cover,70.0,66.33333333333333,68.16666666666666
138,32,8178,2011-02-22 00:00:00,67,Fast,49.0,Little,38.0,Mixed,Organised,51.0,Normal,47.0,Normal,55.0,Normal,Organised,57,Medium,39.0,Press,51.0,Normal,Cover,51.0,49.0,50.0
139,32,8178,2012-02-22 00:00:00,58,Balanced,49.0,Little,55.0,Mixed,Organised,52.0,Normal,55.0,Normal,56.0,Normal,Organised,50,Medium,42.0,Press,47.0,Normal,Cover,54.333333333333336,46.333333333333336,50.333333333333336
140,32,8178,2013-09-20 00:00:00,64,Balanced,49.0,Little,55.0,Mixed,Organised,52.0,Normal,54.0,Normal,37.0,Normal,Organised,58,Medium,38.0,Press,47.0,Normal,Cover,47.666666666666664,47.666666666666664,47.666666666666664
141,32,8178,2014-09-19 00:00:00,69,Fast,30.0,Little,55.0,Mixed,Organised,52.0,Normal,55.0,Normal,39.0,Normal,Organised,50,Medium,46.0,Press,54.0,Normal,Cover,48.666666666666664,50.0,49.33333333333333
142,32,8178,2015-09-10 00:00:00,73,Fast,29.0,Little,55.0,Mixed,Organised,77.0,Risky,54.0,Normal,61.0,Normal,Organised,61,Medium,71.5,Double,50.0,Normal,Cover,64.0,60.833333333333336,62.41666666666667
143,21,9823,2010-02-22 00:00:00,65,Balanced,49.0,Little,40.0,Mixed,Free Form,65.0,Normal,70.0,Lots,70.0,Lots,Free Form,69,High,40.0,Press,65.0,Normal,Cover,68.33333333333333,58.0,63.166666666666664
144,21,9823,2011-02-22 00:00:00,42,Balanced,49.0,Little,40.0,Mixed,Organised,34.0,Normal,30.0,Little,72.0,Lots,Free Form,39,Medium,52.0,Press,65.0,Normal,Cover,45.333333333333336,52.0,48.66666666666667
145,21,9823,2012-02-22 00:00:00,47,Balanced,49.0,Little,40.0,Mixed,Organised,34.0,Normal,31.0,Little,55.0,Normal,Organised,49,Medium,35.0,Press,50.0,Normal,Cover,40.0,44.666666666666664,42.33333333333333
146,21,9823,2013-09-20 00:00:00,56,Balanced,49.0,Little,41.0,Mixed,Organised,40.0,Normal,44.0,Normal,39.0,Normal,Organised,52,Medium,54.0,Press,52.0,Normal,Cover,41.0,52.666666666666664,46.83333333333333
147,21,9823,2014-09-19 00:00:00,37,Balanced,34.0,Normal,22.0,Short,Free Form,26.5,Safe,38.0,Normal,40.0,Normal,Free Form,61,Medium,59.0,Press,40.0,Normal,Cover,34.833333333333336,53.333333333333336,44.083333333333336
148,21,9823,2015-09-10 00:00:00,45,Balanced,24.0,Little,28.0,Short,Free Form,37.0,Normal,31.0,Little,28.5,Little,Free Form,69,High,53.0,Press,59.0,Normal,Cover,32.166666666666664,60.333333333333336,46.25
149,675,9993,2010-02-22 00:00:00,35,Balanced,49.0,Little,35.0,Mixed,Organised,45.0,Normal,40.0,Normal,50.0,Normal,Organised,69,High,70.0,Double,70.0,Wide,Cover,45.0,69.66666666666667,57.333333333333336
150,675,9993,2011-02-22 00:00:00,47,Balanced,49.0,Little,37.0,Mixed,Organised,54.0,Normal,64.0,Normal,67.0,Lots,Organised,33,Deep,34.0,Press,48.0,Normal,Offside Trap,61.666666666666664,38.333333333333336,50.0
151,675,9993,2012-02-22 00:00:00,55,Balanced,49.0,Little,55.0,Mixed,Organised,47.0,Normal,46.0,Normal,49.0,Normal,Organised,45,Medium,46.0,Press,50.0,Normal,Cover,47.333333333333336,47.0,47.16666666666667
152,675,9993,2013-09-20 00:00:00,47,Balanced,49.0,Little,39.0,Mixed,Organised,38.0,Normal,64.0,Normal,49.0,Normal,Organised,45,Medium,46.0,Press,67.0,Wide,Cover,50.333333333333336,52.666666666666664,51.5
153,1897,10211,2011-02-22 00:00:00,48,Balanced,49.0,Little,46.0,Mixed,Free Form,50.0,Normal,50.0,Normal,57.0,Normal,Organised,47,Medium,55.0,Press,53.0,Normal,Cover,52.333333333333336,51.666666666666664,52.0
154,1897,10211,2012-02-22 00:00:00,39,Balanced,49.0,Little,48.0,Mixed,Organised,53.0,Normal,53.0,Normal,59.0,Normal,Organised,37,Medium,52.0,Press,61.0,Normal,Cover,55.0,50.0,52.5
155,1897,10211,2013-09-20 00:00:00,39,Balanced,49.0,Little,48.0,Mixed,Organised,53.0,Normal,53.0,Normal,59.0,Normal,Organised,37,Medium,52.0,Press,61.0,Normal,Cover,55.0,50.0,52.5
156,1889,9807,2010-02-22 00:00:00,30,Slow,49.0,Little,30.0,Short,Organised,55.0,Normal,45.0,Normal,60.0,Normal,Organised,30,Deep,30.0,Contain,30.5,Narrow,Offside Trap,53.333333333333336,30.166666666666668,41.75
157,1889,9807,2014-09-19 00:00:00,52,Balanced,53.0,Normal,52.0,Mixed,Organised,40.0,Normal,37.0,Normal,48.0,Normal,Organised,38,Medium,48.0,Press,49.0,Normal,Cover,41.666666666666664,45.0,43.33333333333333
158,1889,9807,2015-09-10 00:00:00,51,Balanced,53.0,Normal,52.0,Mixed,Organised,43.0,Normal,37.0,Normal,48.0,Normal,Organised,38,Medium,48.0,Press,49.0,Normal,Cover,42.666666666666664,45.0,43.83333333333333
159,1714,6493,2010-02-22 00:00:00,40,Balanced,49.0,Little,50.0,Mixed,Organised,55.0,Normal,65.0,Normal,55.0,Normal,Organised,45,Medium,50.0,Press,55.0,Normal,Cover,58.333333333333336,50.0,54.16666666666667
160,1714,6493,2011-02-22 00:00:00,47,Balanced,49.0,Little,54.0,Mixed,Organised,55.0,Normal,38.0,Normal,55.0,Normal,Organised,32,Deep,50.0,Press,56.0,Normal,Cover,49.333333333333336,46.0,47.66666666666667
161,234,9772,2010-02-22 00:00:00,30,Slow,49.0,Little,30.0,Short,Free Form,50.0,Normal,55.0,Normal,65.0,Normal,Free Form,30,Deep,30.0,Contain,30.5,Narrow,Offside Trap,56.666666666666664,30.166666666666668,43.416666666666664
162,234,9772,2011-02-22 00:00:00,65,Balanced,49.0,Little,35.0,Mixed,Free Form,65.0,Normal,55.0,Normal,51.0,Normal,Organised,55,Medium,56.0,Press,60.0,Normal,Cover,57.0,57.0,57.0
163,234,9772,2012-02-22 00:00:00,55,Balanced,49.0,Little,48.0,Mixed,Organised,69.0,Risky,56.0,Normal,54.0,Normal,Organised,61,Medium,51.0,Press,57.0,Normal,Cover,59.666666666666664,56.333333333333336,58.0
164,234,9772,2013-09-20 00:00:00,65,Balanced,49.0,Little,54.0,Mixed,Organised,69.0,Risky,56.0,Normal,54.0,Normal,Organised,60,Medium,58.0,Press,57.0,Normal,Cover,59.666666666666664,58.333333333333336,59.0
165,234,9772,2014-09-19 00:00:00,70,Fast,55.0,Normal,53.0,Mixed,Organised,65.0,Normal,66.0,Normal,54.0,Normal,Organised,60,Medium,57.0,Press,54.0,Normal,Cover,61.666666666666664,57.0,59.33333333333333
166,234,9772,2015-09-10 00:00:00,69,Fast,55.0,Normal,53.0,Mixed,Organised,65.0,Normal,66.0,Normal,54.0,Normal,Organised,60,Medium,57.0,Press,54.0,Normal,Cover,61.666666666666664,57.0,59.33333333333333
167,88,8658,2010-02-22 00:00:00,70,Fast,49.0,Little,70.0,Long,Organised,70.0,Risky,70.0,Lots,70.0,Lots,Organised,69,High,70.0,Double,70.0,Wide,Cover,70.0,69.66666666666667,69.83333333333334
168,88,8658,2011-02-22 00:00:00,45,Balanced,49.0,Little,60.0,Mixed,Organised,35.0,Normal,50.0,Normal,40.0,Normal,Organised,30,Deep,60.0,Press,45.0,Normal,Cover,41.666666666666664,45.0,43.33333333333333
169,88,8658,2012-02-22 00:00:00,51,Balanced,49.0,Little,55.0,Mixed,Organised,41.0,Normal,62.0,Normal,56.0,Normal,Organised,42,Medium,48.0,Press,54.0,Normal,Cover,53.0,48.0,50.5
170,88,8658,2013-09-20 00:00:00,56,Balanced,49.0,Little,57.0,Mixed,Organised,45.0,Normal,71.0,Lots,41.0,Normal,Organised,42,Medium,44.0,Press,54.0,Normal,Cover,52.333333333333336,46.666666666666664,49.5
171,88,8658,2014-09-19 00:00:00,56,Balanced,39.0,Normal,77.5,Long,Organised,77.0,Risky,71.0,Lots,56.0,Normal,Organised,42,Medium,48.0,Press,54.0,Normal,Cover,68.0,48.0,58.0
172,88,8658,2015-09-10 00:00:00,56,Balanced,32.0,Little,75.0,Long,Organised,77.0,Risky,62.0,Normal,64.0,Normal,Organised,42,Medium,47.0,Press,54.0,Normal,Cover,67.66666666666667,47.666666666666664,57.66666666666667
173,3,8655,2010-02-22 00:00:00,55,Balanced,49.0,Little,70.0,Long,Organised,60.0,Normal,70.0,Lots,55.0,Normal,Organised,45,Medium,70.0,Double,45.0,Normal,Cover,61.666666666666664,53.333333333333336,57.5
174,3,8655,2011-02-22 00:00:00,55,Balanced,49.0,Little,65.0,Mixed,Organised,50.0,Normal,50.0,Normal,35.0,Normal,Organised,45,Medium,60.0,Press,55.0,Normal,Cover,45.0,53.333333333333336,49.16666666666667
175,3,8655,2012-02-22 00:00:00,57,Balanced,49.0,Little,57.0,Mixed,Organised,55.0,Normal,45.0,Normal,40.0,Normal,Organised,42,Medium,50.0,Press,38.0,Normal,Cover,46.666666666666664,43.333333333333336,45.0
176,3,8655,2013-09-20 00:00:00,44,Balanced,49.0,Little,64.0,Mixed,Organised,55.0,Normal,52.0,Normal,40.0,Normal,Organised,42,Medium,50.0,Press,38.0,Normal,Cover,49.0,43.333333333333336,46.16666666666667
177,3,8655,2014-09-19 00:00:00,44,Balanced,31.0,Little,62.0,Mixed,Organised,63.0,Normal,61.0,Normal,40.0,Normal,Organised,50,Medium,50.0,Press,47.0,Normal,Cover,54.666666666666664,49.0,51.83333333333333
178,3,8655,2015-09-10 00:00:00,60,Balanced,60.0,Normal,65.0,Mixed,Organised,59.0,Normal,58.0,Normal,42.0,Normal,Organised,50,Medium,50.0,Press,57.0,Normal,Cover,53.0,52.333333333333336,52.66666666666667
179,1926,8483,2010-02-22 00:00:00,70,Fast,49.0,Little,70.0,Long,Organised,70.0,Risky,70.0,Lots,65.0,Normal,Organised,69,High,70.0,Double,70.0,Wide,Cover,68.33333333333333,69.66666666666667,69.0
180,1926,8483,2011-02-22 00:00:00,70,Fast,49.0,Little,30.0,Short,Organised,65.0,Normal,30.0,Little,65.0,Normal,Organised,45,Medium,50.0,Press,45.0,Normal,Cover,53.333333333333336,46.666666666666664,50.0
181,1926,8483,2012-02-22 00:00:00,45,Balanced,49.0,Little,52.0,Mixed,Organised,60.0,Normal,58.0,Normal,58.0,Normal,Organised,49,Medium,52.0,Press,54.0,Normal,Cover,58.666666666666664,51.666666666666664,55.166666666666664
182,1926,8483,2013-09-20 00:00:00,45,Balanced,49.0,Little,52.0,Mixed,Organised,60.0,Normal,58.0,Normal,58.0,Normal,Organised,49,Medium,52.0,Press,54.0,Normal,Cover,58.666666666666664,51.666666666666664,55.166666666666664
183,1926,8483,2014-09-19 00:00:00,67,Fast,44.0,Normal,72.0,Long,Organised,70.0,Risky,48.0,Normal,58.0,Normal,Organised,39,Medium,38.0,Press,54.0,Normal,Cover,58.666666666666664,43.666666666666664,51.166666666666664
184,1926,8483,2015-09-10 00:00:00,62,Balanced,36.0,Normal,64.0,Mixed,Organised,59.0,Normal,43.0,Normal,64.0,Normal,Organised,39,Medium,38.0,Press,54.0,Normal,Cover,55.333333333333336,43.666666666666664,49.5
185,1898,8613,2015-09-10 00:00:00,47,Balanced,56.0,Normal,50.0,Mixed,Organised,37.0,Normal,38.0,Normal,53.0,Normal,Organised,32,Deep,62.0,Press,54.0,Normal,Cover,42.666666666666664,49.333333333333336,46.0
186,160,9911,2010-02-22 00:00:00,50,Balanced,49.0,Little,65.0,Mixed,Organised,55.0,Normal,45.0,Normal,50.0,Normal,Organised,40,Medium,60.0,Press,40.0,Normal,Cover,50.0,46.666666666666664,48.33333333333333
187,160,9911,2011-02-22 00:00:00,55,Balanced,49.0,Little,56.0,Mixed,Organised,55.0,Normal,49.0,Normal,52.0,Normal,Organised,48,Medium,60.0,Press,56.0,Normal,Cover,52.0,54.666666666666664,53.33333333333333
188,160,9911,2012-02-22 00:00:00,40,Balanced,49.0,Little,48.0,Mixed,Organised,51.0,Normal,54.0,Normal,37.0,Normal,Organised,34,Medium,53.0,Press,49.0,Normal,Cover,47.333333333333336,45.333333333333336,46.333333333333336
189,160,9911,2013-09-20 00:00:00,40,Balanced,49.0,Little,48.0,Mixed,Organised,51.0,Normal,54.0,Normal,37.0,Normal,Organised,40,Medium,53.0,Press,41.0,Normal,Cover,47.333333333333336,44.666666666666664,46.0
190,160,9911,2014-09-19 00:00:00,38,Balanced,54.0,Normal,48.0,Mixed,Organised,51.0,Normal,54.0,Normal,36.0,Normal,Organised,34,Medium,53.0,Press,49.0,Normal,Cover,47.0,45.333333333333336,46.16666666666667
191,160,9911,2015-09-10 00:00:00,69,Fast,38.0,Normal,57.0,Mixed,Organised,66.0,Normal,40.0,Normal,66.0,Normal,Organised,58,Medium,47.0,Press,67.0,Wide,Cover,57.333333333333336,57.333333333333336,57.333333333333336
192,189,9857,2010-02-22 00:00:00,65,Balanced,49.0,Little,55.0,Mixed,Organised,30.0,Safe,70.0,Lots,65.0,Normal,Organised,55,Medium,30.0,Contain,50.0,Normal,Offside Trap,55.0,45.0,50.0
193,189,9857,2011-02-22 00:00:00,65,Balanced,49.0,Little,35.0,Mixed,Organised,35.0,Normal,35.0,Normal,50.0,Normal,Organised,30,Deep,50.0,Press,50.0,Normal,Cover,40.0,43.333333333333336,41.66666666666667
194,189,9857,2012-02-22 00:00:00,40,Balanced,49.0,Little,50.0,Mixed,Organised,35.0,Normal,35.0,Normal,50.0,Normal,Organised,35,Medium,45.0,Press,50.0,Normal,Cover,40.0,43.333333333333336,41.66666666666667
195,189,9857,2013-09-20 00:00:00,63,Balanced,49.0,Little,48.0,Mixed,Organised,49.0,Normal,63.0,Normal,63.0,Normal,Free Form,43,Medium,43.0,Press,48.0,Normal,Cover,58.333333333333336,44.666666666666664,51.5
196,189,9857,2014-09-19 00:00:00,63,Balanced,53.0,Normal,48.0,Mixed,Organised,32.0,Safe,48.0,Normal,52.0,Normal,Organised,28,Deep,54.0,Press,48.0,Normal,Cover,44.0,43.333333333333336,43.66666666666667
197,189,9857,2015-09-10 00:00:00,63,Balanced,53.0,Normal,48.0,Mixed,Organised,32.0,Safe,48.0,Normal,52.0,Normal,Organised,30,Deep,54.0,Press,48.0,Normal,Cover,44.0,44.0,44.0
198,4,8559,2010-02-22 00:00:00,55,Balanced,49.0,Little,70.0,Long,Organised,70.0,Risky,70.0,Lots,45.0,Normal,Organised,35,Medium,70.0,Double,35.0,Normal,Cover,61.666666666666664,46.666666666666664,54.166666666666664
199,4,8559,2011-02-22 00:00:00,45,Balanced,49.0,Little,70.0,Long,Organised,55.0,Normal,70.0,Lots,50.0,Normal,Organised,40,Medium,55.0,Press,50.0,Normal,Cover,58.333333333333336,48.333333333333336,53.333333333333336
200,4,8559,2012-02-22 00:00:00,57,Balanced,49.0,Little,56.0,Mixed,Organised,45.0,Normal,54.0,Normal,54.0,Normal,Organised,48,Medium,48.0,Press,58.0,Normal,Cover,51.0,51.333333333333336,51.16666666666667
201,4,8559,2013-09-20 00:00:00,57,Balanced,49.0,Little,53.0,Mixed,Organised,42.0,Normal,38.0,Normal,54.0,Normal,Organised,39,Medium,48.0,Press,58.0,Normal,Cover,44.666666666666664,48.333333333333336,46.5
202,4,8559,2014-09-19 00:00:00,57,Balanced,37.0,Normal,73.0,Long,Organised,72.0,Risky,43.0,Normal,56.0,Normal,Organised,39,Medium,48.0,Press,58.0,Normal,Cover,57.0,48.333333333333336,52.66666666666667
203,4,8559,2015-09-10 00:00:00,57,Balanced,34.0,Normal,61.0,Mixed,Organised,72.0,Risky,60.0,Normal,38.0,Normal,Organised,39,Medium,48.0,Press,58.0,Normal,Cover,56.666666666666664,48.333333333333336,52.5
204,59,9827,2010-02-22 00:00:00,70,Fast,49.0,Little,35.0,Mixed,Organised,70.0,Risky,50.0,Normal,70.0,Lots,Organised,55,Medium,70.0,Double,70.0,Wide,Offside Trap,63.333333333333336,65.0,64.16666666666667
205,59,9827,2011-02-22 00:00:00,50,Balanced,49.0,Little,35.0,Mixed,Organised,50.0,Normal,65.0,Normal,65.0,Normal,Organised,55,Medium,45.0,Press,65.0,Normal,Cover,60.0,55.0,57.5
206,59,9827,2012-02-22 00:00:00,49,Balanced,49.0,Little,37.0,Mixed,Organised,49.0,Normal,64.0,Normal,51.0,Normal,Organised,44,Medium,46.0,Press,49.0,Normal,Cover,54.666666666666664,46.333333333333336,50.5
207,59,9827,2013-09-20 00:00:00,49,Balanced,49.0,Little,37.0,Mixed,Organised,49.0,Normal,64.0,Normal,51.0,Normal,Organised,44,Medium,46.0,Press,49.0,Normal,Cover,54.666666666666664,46.333333333333336,50.5
208,59,9827,2014-09-19 00:00:00,38,Balanced,49.0,Normal,36.0,Mixed,Organised,49.0,Normal,55.0,Normal,51.0,Normal,Organised,37,Medium,33.0,Contain,49.0,Normal,Cover,51.666666666666664,39.666666666666664,45.666666666666664
209,59,9827,2015-09-10 00:00:00,51,Balanced,40.0,Normal,48.0,Mixed,Organised,49.0,Normal,63.0,Normal,44.0,Normal,Organised,57,Medium,52.0,Press,49.0,Normal,Cover,52.0,52.666666666666664,52.33333333333333
210,22,9789,2010-02-22 00:00:00,70,Fast,49.0,Little,45.0,Mixed,Organised,70.0,Risky,34.0,Normal,66.0,Normal,Free Form,54,Medium,70.0,Double,53.0,Normal,Offside Trap,56.666666666666664,59.0,57.83333333333333
211,22,9789,2011-02-22 00:00:00,73,Fast,49.0,Little,43.0,Mixed,Organised,60.0,Normal,53.0,Normal,64.0,Normal,Organised,59,Medium,67.0,Double,46.0,Normal,Cover,59.0,57.333333333333336,58.16666666666667
212,22,9789,2012-02-22 00:00:00,71,Fast,49.0,Little,45.0,Mixed,Organised,67.0,Risky,44.0,Normal,70.0,Lots,Free Form,58,Medium,69.0,Double,46.0,Normal,Cover,60.333333333333336,57.666666666666664,59.0
213,22,9789,2013-09-20 00:00:00,74,Fast,49.0,Little,45.0,Mixed,Organised,70.0,Risky,48.0,Normal,76.0,Lots,Organised,60,Medium,70.0,Double,48.0,Normal,Cover,64.66666666666667,59.333333333333336,62.0
214,22,9789,2014-09-19 00:00:00,76,Fast,33.0,Little,61.0,Mixed,Organised,53.0,Normal,44.0,Normal,73.0,Lots,Free Form,60,Medium,68.0,Double,43.0,Normal,Cover,56.666666666666664,57.0,56.83333333333333
215,22,9789,2015-09-10 00:00:00,71,Fast,37.0,Normal,40.0,Mixed,Organised,70.0,Risky,44.0,Normal,49.0,Normal,Free Form,65,Medium,71.0,Double,40.0,Normal,Cover,54.333333333333336,58.666666666666664,56.5
216,23,9788,2010-02-22 00:00:00,65,Balanced,49.0,Little,45.0,Mixed,Organised,50.0,Normal,70.0,Lots,65.0,Normal,Organised,55,Medium,40.0,Press,65.0,Normal,Cover,61.666666666666664,53.333333333333336,57.5
217,23,9788,2011-02-22 00:00:00,63,Balanced,49.0,Little,46.0,Mixed,Organised,60.0,Normal,51.0,Normal,61.0,Normal,Organised,49,Medium,58.0,Press,49.0,Normal,Cover,57.333333333333336,52.0,54.66666666666667
218,23,9788,2012-02-22 00:00:00,57,Balanced,49.0,Little,64.0,Mixed,Organised,54.0,Normal,48.0,Normal,55.0,Normal,Organised,33,Deep,43.0,Press,38.0,Normal,Cover,52.333333333333336,38.0,45.16666666666667
219,23,9788,2013-09-20 00:00:00,76,Fast,49.0,Little,40.0,Mixed,Organised,66.0,Normal,48.0,Normal,30.0,Little,Free Form,33,Deep,53.0,Press,41.0,Normal,Cover,48.0,42.333333333333336,45.16666666666667
220,23,9788,2014-09-19 00:00:00,31,Slow,53.0,Normal,32.0,Short,Organised,38.0,Normal,26.0,Little,49.0,Normal,Free Form,43,Medium,50.0,Press,41.0,Normal,Cover,37.666666666666664,44.666666666666664,41.166666666666664
221,23,9788,2015-09-10 00:00:00,31,Slow,53.0,Normal,32.0,Short,Organised,38.0,Normal,26.0,Little,49.0,Normal,Free Form,41,Medium,48.0,Press,39.0,Normal,Cover,37.666666666666664,42.666666666666664,40.166666666666664
222,111376,4170,2010-02-22 00:00:00,45,Balanced,49.0,Little,30.0,Short,Organised,35.0,Normal,55.0,Normal,60.0,Normal,Organised,69,High,60.0,Press,70.0,Wide,Offside Trap,50.0,66.33333333333333,58.166666666666664
223,111376,4170,2011-02-22 00:00:00,50,Balanced,49.0,Little,35.0,Mixed,Organised,35.0,Normal,65.0,Normal,65.0,Normal,Organised,35,Medium,55.0,Press,65.0,Normal,Cover,55.0,51.666666666666664,53.33333333333333
224,111376,4170,2012-02-22 00:00:00,49,Balanced,49.0,Little,37.0,Mixed,Organised,47.0,Normal,57.0,Normal,50.0,Normal,Organised,45,Medium,44.0,Press,66.0,Normal,Cover,51.333333333333336,51.666666666666664,51.5
225,1943,8678,2010-02-22 00:00:00,70,Fast,49.0,Little,70.0,Long,Organised,70.0,Risky,70.0,Lots,60.0,Normal,Organised,69,High,70.0,Double,70.0,Wide,Cover,66.66666666666667,69.66666666666667,68.16666666666667
226,1943,8678,2011-02-22 00:00:00,51,Balanced,49.0,Little,66.0,Mixed,Organised,68.0,Risky,33.0,Little,47.0,Normal,Organised,27,Deep,46.0,Press,48.0,Normal,Cover,49.333333333333336,40.333333333333336,44.833333333333336
227,1943,8678,2012-02-22 00:00:00,46,Balanced,49.0,Little,46.0,Mixed,Organised,54.0,Normal,60.0,Normal,52.0,Normal,Organised,48,Medium,50.0,Press,62.0,Normal,Cover,55.333333333333336,53.333333333333336,54.333333333333336
228,1943,8678,2013-09-20 00:00:00,39,Balanced,49.0,Little,38.0,Mixed,Organised,54.0,Normal,43.0,Normal,52.0,Normal,Organised,48,Medium,50.0,Press,62.0,Normal,Cover,49.666666666666664,53.333333333333336,51.5
229,1943,8678,2014-09-19 00:00:00,47,Balanced,44.0,Normal,48.0,Mixed,Organised,46.0,Normal,48.0,Normal,41.0,Normal,Organised,48,Medium,50.0,Press,62.0,Normal,Cover,45.0,53.333333333333336,49.16666666666667
230,1943,8678,2015-09-10 00:00:00,47,Balanced,36.0,Normal,47.0,Mixed,Organised,49.0,Normal,45.0,Normal,47.0,Normal,Organised,48,Medium,50.0,Press,62.0,Normal,Cover,47.0,53.333333333333336,50.16666666666667
231,1896,10264,2010-02-22 00:00:00,30,Slow,49.0,Little,30.0,Short,Organised,55.0,Normal,50.0,Normal,60.0,Normal,Organised,30,Deep,30.0,Contain,30.5,Narrow,Cover,55.0,30.166666666666668,42.583333333333336
232,1896,10264,2011-02-22 00:00:00,30,Slow,49.0,Little,30.0,Short,Organised,55.0,Normal,50.0,Normal,60.0,Normal,Organised,40,Medium,60.0,Press,50.0,Normal,Cover,55.0,50.0,52.5
233,1896,10264,2012-02-22 00:00:00,53,Balanced,49.0,Little,46.0,Mixed,Organised,53.0,Normal,53.0,Normal,52.0,Normal,Organised,23,Deep,48.0,Press,39.0,Normal,Cover,52.666666666666664,36.666666666666664,44.666666666666664
234,1896,10264,2013-09-20 00:00:00,66,Balanced,49.0,Little,54.0,Mixed,Organised,53.0,Normal,53.0,Normal,52.0,Normal,Organised,25,Deep,56.0,Press,39.0,Normal,Cover,52.666666666666664,40.0,46.33333333333333
235,1896,10264,2014-09-19 00:00:00,53,Balanced,35.0,Normal,55.0,Mixed,Organised,53.0,Normal,65.0,Normal,39.0,Normal,Organised,25,Deep,56.0,Press,39.0,Normal,Cover,52.333333333333336,40.0,46.16666666666667
236,1896,10264,2015-09-10 00:00:00,55,Balanced,35.0,Normal,55.0,Mixed,Organised,62.0,Normal,65.0,Normal,39.0,Normal,Organised,25,Deep,56.0,Press,39.0,Normal,Cover,55.333333333333336,40.0,47.66666666666667
237,190,9858,2010-02-22 00:00:00,30,Slow,49.0,Little,30.0,Short,Organised,35.0,Normal,50.0,Normal,70.0,Lots,Free Form,45,Medium,30.0,Contain,55.0,Normal,Offside Trap,51.666666666666664,43.333333333333336,47.5
238,190,9858,2011-02-22 00:00:00,30,Slow,49.0,Little,50.0,Mixed,Organised,50.0,Normal,65.0,Normal,65.0,Normal,Organised,45,Medium,45.0,Press,55.0,Normal,Cover,60.0,48.333333333333336,54.16666666666667
239,190,9858,2012-02-22 00:00:00,35,Balanced,49.0,Little,35.0,Mixed,Organised,35.0,Normal,24.5,Little,65.0,Normal,Organised,35,Medium,45.0,Press,50.0,Normal,Cover,41.5,43.333333333333336,42.41666666666667
240,190,9858,2013-09-20 00:00:00,42,Balanced,49.0,Little,43.0,Mixed,Organised,45.0,Normal,25.0,Little,75.0,Lots,Free Form,41,Medium,52.0,Press,62.0,Normal,Cover,48.333333333333336,51.666666666666664,50.0
241,190,9858,2014-09-19 00:00:00,42,Balanced,56.0,Normal,27.0,Short,Organised,54.0,Normal,25.0,Little,75.0,Lots,Organised,41,Medium,52.0,Press,57.0,Normal,Cover,51.333333333333336,50.0,50.66666666666667
242,190,9858,2015-09-10 00:00:00,42,Balanced,56.0,Normal,43.0,Mixed,Organised,41.0,Normal,48.0,Normal,69.0,Lots,Organised,41,Medium,52.0,Press,57.0,Normal,Cover,52.666666666666664,50.0,51.33333333333333
243,378,8521,2010-02-22 00:00:00,50,Balanced,49.0,Little,40.0,Mixed,Organised,30.0,Safe,40.0,Normal,60.0,Normal,Organised,69,High,70.0,Double,70.0,Wide,Cover,43.333333333333336,69.66666666666667,56.5
244,378,8521,2011-02-22 00:00:00,65,Balanced,49.0,Little,35.0,Mixed,Organised,50.0,Normal,65.0,Normal,50.0,Normal,Organised,55,Medium,45.0,Press,65.0,Normal,Cover,55.0,55.0,55.0
245,378,8521,2012-02-22 00:00:00,64,Balanced,49.0,Little,62.0,Mixed,Organised,49.0,Normal,53.0,Normal,66.0,Normal,Organised,44,Medium,34.0,Press,51.0,Normal,Cover,56.0,43.0,49.5
246,378,8521,2013-09-20 00:00:00,59,Balanced,49.0,Little,54.0,Mixed,Organised,49.0,Normal,53.0,Normal,66.0,Normal,Organised,44,Medium,34.0,Press,51.0,Normal,Cover,56.0,43.0,49.5
247,378,8521,2014-09-19 00:00:00,59,Balanced,48.0,Normal,54.0,Mixed,Organised,49.0,Normal,53.0,Normal,66.0,Normal,Organised,44,Medium,34.0,Press,51.0,Normal,Cover,56.0,43.0,49.5
248,378,8521,2015-09-10 00:00:00,59,Balanced,48.0,Normal,54.0,Mixed,Organised,49.0,Normal,53.0,Normal,66.0,Normal,Organised,44,Medium,34.0,Press,51.0,Normal,Cover,56.0,43.0,49.5
249,1796,8191,2010-02-22 00:00:00,70,Fast,49.0,Little,65.0,Mixed,Organised,70.0,Risky,70.0,Lots,70.0,Lots,Organised,65,Medium,70.0,Double,70.0,Wide,Cover,70.0,68.33333333333333,69.16666666666666
250,1796,8191,2011-02-22 00:00:00,36,Balanced,49.0,Little,52.0,Mixed,Organised,49.0,Normal,68.0,Lots,55.0,Normal,Organised,24,Deep,56.0,Press,66.0,Normal,Cover,57.333333333333336,48.666666666666664,53.0
251,1796,8191,2012-02-22 00:00:00,48,Balanced,49.0,Little,44.0,Mixed,Organised,56.0,Normal,58.0,Normal,48.0,Normal,Organised,52,Medium,50.0,Press,58.0,Normal,Cover,54.0,53.333333333333336,53.66666666666667
252,1796,8191,2013-09-20 00:00:00,54,Balanced,49.0,Little,55.0,Mixed,Organised,56.0,Normal,59.0,Normal,48.0,Normal,Organised,48,Medium,50.0,Press,58.0,Normal,Cover,54.333333333333336,52.0,53.16666666666667
253,1796,8191,2014-09-19 00:00:00,48,Balanced,32.0,Little,74.0,Long,Organised,72.0,Risky,59.0,Normal,58.0,Normal,Organised,54,Medium,57.0,Press,58.0,Normal,Cover,63.0,56.333333333333336,59.66666666666667
254,1796,8191,2015-09-10 00:00:00,54,Balanced,32.0,Little,67.0,Long,Organised,72.0,Risky,57.0,Normal,47.0,Normal,Organised,63,Medium,62.0,Press,58.0,Normal,Cover,58.666666666666664,61.0,59.83333333333333
255,210,7819,2010-02-22 00:00:00,65,Balanced,49.0,Little,30.0,Short,Organised,50.0,Normal,65.0,Normal,40.0,Normal,Organised,69,High,65.0,Press,70.0,Wide,Cover,51.666666666666664,68.0,59.83333333333333
256,210,7819,2011-02-22 00:00:00,65,Balanced,49.0,Little,35.0,Mixed,Organised,35.0,Normal,65.0,Normal,65.0,Normal,Organised,55,Medium,45.0,Press,65.0,Normal,Cover,55.0,55.0,55.0
257,210,7819,2012-02-22 00:00:00,48,Balanced,49.0,Little,52.0,Mixed,Organised,48.0,Normal,54.0,Normal,53.0,Normal,Organised,47,Medium,45.0,Press,51.0,Normal,Cover,51.666666666666664,47.666666666666664,49.666666666666664
258,210,7819,2013-09-20 00:00:00,48,Balanced,49.0,Little,52.0,Mixed,Organised,48.0,Normal,54.0,Normal,53.0,Normal,Organised,47,Medium,45.0,Press,51.0,Normal,Cover,51.666666666666664,47.666666666666664,49.666666666666664
259,210,7819,2014-09-19 00:00:00,62,Balanced,50.0,Normal,45.0,Mixed,Organised,48.0,Normal,54.0,Normal,53.0,Normal,Organised,43,Medium,42.0,Press,51.0,Normal,Cover,51.666666666666664,45.333333333333336,48.5
260,210,7819,2015-09-10 00:00:00,62,Balanced,50.0,Normal,45.0,Mixed,Organised,48.0,Normal,54.0,Normal,53.0,Normal,Organised,43,Medium,42.0,Press,51.0,Normal,Cover,51.666666666666664,45.333333333333336,48.5
261,1842,8529,2010-02-22 00:00:00,40,Balanced,49.0,Little,30.0,Short,Organised,30.0,Safe,35.0,Normal,55.0,Normal,Organised,40,Medium,55.0,Press,60.0,Normal,Cover,40.0,51.666666666666664,45.83333333333333
262,1842,8529,2011-02-22 00:00:00,65,Balanced,49.0,Little,50.0,Mixed,Organised,50.0,Normal,65.0,Normal,50.0,Normal,Free Form,45,Medium,45.0,Press,51.0,Normal,Cover,55.0,47.0,51.0
263,1842,8529,2012-02-22 00:00:00,40,Balanced,49.0,Little,50.0,Mixed,Organised,65.0,Normal,50.0,Normal,50.0,Normal,Organised,45,Medium,45.0,Press,50.0,Normal,Cover,55.0,46.666666666666664,50.83333333333333
264,1842,8529,2013-09-20 00:00:00,63,Balanced,49.0,Little,36.0,Mixed,Organised,66.0,Normal,51.0,Normal,51.0,Normal,Free Form,46,Medium,56.0,Press,51.0,Normal,Cover,56.0,51.0,53.5
265,1842,8529,2014-09-19 00:00:00,63,Balanced,51.0,Normal,53.0,Mixed,Organised,33.0,Safe,51.0,Normal,68.0,Lots,Organised,37,Medium,56.0,Press,51.0,Normal,Cover,50.666666666666664,48.0,49.33333333333333
266,1842,8529,2015-09-10 00:00:00,67,Fast,32.0,Little,35.0,Mixed,Organised,69.0,Risky,58.0,Normal,69.0,Lots,Free Form,65,Medium,65.0,Press,57.0,Normal,Offside Trap,65.33333333333333,62.333333333333336,63.83333333333333
267,647,7788,2014-09-19 00:00:00,45,Balanced,39.0,Normal,42.0,Mixed,Organised,46.0,Normal,56.0,Normal,57.0,Normal,Organised,42,Medium,49.0,Press,47.0,Normal,Cover,53.0,46.0,49.5
268,647,7788,2015-09-10 00:00:00,43,Balanced,36.0,Normal,57.0,Mixed,Organised,46.0,Normal,50.0,Normal,38.0,Normal,Organised,42,Medium,49.0,Press,47.0,Normal,Cover,44.666666666666664,46.0,45.33333333333333
269,1961,8344,2010-02-22 00:00:00,65,Balanced,49.0,Little,70.0,Long,Organised,70.0,Risky,70.0,Lots,70.0,Lots,Organised,69,High,70.0,Double,70.0,Wide,Cover,70.0,69.66666666666667,69.83333333333334
270,1961,8344,2011-02-22 00:00:00,67,Fast,49.0,Little,49.0,Mixed,Organised,67.0,Risky,67.0,Lots,48.0,Normal,Organised,46,Medium,47.0,Press,53.0,Normal,Cover,60.666666666666664,48.666666666666664,54.666666666666664
271,1961,8344,2012-02-22 00:00:00,60,Balanced,49.0,Little,64.0,Mixed,Organised,54.0,Normal,46.0,Normal,54.0,Normal,Organised,47,Medium,43.0,Press,56.0,Normal,Cover,51.333333333333336,48.666666666666664,50.0
272,1961,8344,2013-09-20 00:00:00,60,Balanced,49.0,Little,69.0,Long,Organised,54.0,Normal,59.0,Normal,62.0,Normal,Organised,47,Medium,43.0,Press,56.0,Normal,Cover,58.333333333333336,48.666666666666664,53.5
273,1961,8344,2014-09-19 00:00:00,60,Balanced,29.0,Little,54.0,Mixed,Organised,52.0,Normal,46.0,Normal,41.0,Normal,Organised,33,Deep,41.0,Press,39.0,Normal,Cover,46.333333333333336,37.666666666666664,42.0
274,1961,8344,2015-09-10 00:00:00,60,Balanced,41.0,Normal,67.0,Long,Organised,52.0,Normal,56.0,Normal,46.0,Normal,Organised,33,Deep,41.0,Press,39.0,Normal,Cover,51.333333333333336,37.666666666666664,44.5
275,112409,208931,2014-09-19 00:00:00,32,Slow,46.0,Normal,31.0,Short,Organised,47.0,Normal,36.0,Normal,54.0,Normal,Organised,46,Medium,44.0,Press,51.0,Normal,Cover,45.666666666666664,47.0,46.33333333333333
276,112409,208931,2015-09-10 00:00:00,80,Fast,45.0,Normal,65.0,Mixed,Organised,70.0,Risky,40.0,Normal,50.0,Normal,Organised,25,Deep,55.0,Press,35.0,Normal,Cover,53.333333333333336,38.333333333333336,45.833333333333336
277,110364,8530,2010-02-22 00:00:00,35,Balanced,49.0,Little,30.0,Short,Organised,30.0,Safe,30.0,Little,60.0,Normal,Organised,35,Medium,55.0,Press,50.0,Normal,Cover,40.0,46.666666666666664,43.33333333333333
278,110364,8530,2011-02-22 00:00:00,65,Balanced,49.0,Little,35.0,Mixed,Free Form,50.0,Normal,65.0,Normal,63.0,Normal,Organised,35,Medium,55.0,Press,50.0,Normal,Offside Trap,59.333333333333336,46.666666666666664,53.0
279,110364,8530,2012-02-22 00:00:00,40,Balanced,49.0,Little,50.0,Mixed,Organised,50.0,Normal,50.0,Normal,50.0,Normal,Organised,25,Deep,50.0,Press,35.0,Normal,Cover,50.0,36.666666666666664,43.33333333333333
280,110364,8530,2013-09-20 00:00:00,67,Fast,49.0,Little,37.0,Mixed,Free Form,67.0,Risky,52.0,Normal,52.0,Normal,Organised,37,Medium,57.0,Press,52.0,Normal,Cover,57.0,48.666666666666664,52.83333333333333
281,110364,8530,2014-09-19 00:00:00,75,Fast,52.0,Normal,48.0,Mixed,Organised,53.0,Normal,52.0,Normal,36.0,Normal,Organised,28,Deep,67.0,Double,52.0,Normal,Cover,47.0,49.0,48.0
282,110364,8530,2015-09-10 00:00:00,70,Fast,52.0,Normal,48.0,Mixed,Organised,53.0,Normal,52.0,Normal,36.0,Normal,Organised,31,Deep,64.0,Press,52.0,Normal,Cover,47.0,49.0,48.0
283,450,9910,2010-02-22 00:00:00,35,Balanced,49.0,Little,30.0,Short,Organised,45.0,Normal,45.0,Normal,70.0,Lots,Organised,35,Medium,30.0,Contain,50.0,Normal,Offside Trap,53.333333333333336,38.333333333333336,45.833333333333336
284,450,9910,2011-02-22 00:00:00,43,Balanced,49.0,Little,44.0,Mixed,Organised,53.0,Normal,45.0,Normal,60.0,Normal,Organised,40,Medium,41.0,Press,47.0,Normal,Cover,52.666666666666664,42.666666666666664,47.666666666666664
285,450,9910,2012-02-22 00:00:00,53,Balanced,49.0,Little,62.0,Mixed,Organised,59.0,Normal,68.0,Lots,52.0,Normal,Organised,42,Medium,52.0,Press,68.0,Wide,Cover,59.666666666666664,54.0,56.83333333333333
286,450,9910,2013-09-20 00:00:00,53,Balanced,49.0,Little,62.0,Mixed,Organised,59.0,Normal,68.0,Lots,52.0,Normal,Free Form,42,Medium,52.0,Press,68.0,Wide,Cover,59.666666666666664,54.0,56.83333333333333
287,450,9910,2014-09-19 00:00:00,53,Balanced,54.0,Normal,62.0,Mixed,Organised,59.0,Normal,68.0,Lots,52.0,Normal,Organised,42,Medium,52.0,Press,65.0,Normal,Cover,59.666666666666664,53.0,56.33333333333333
288,450,9910,2015-09-10 00:00:00,55,Balanced,59.0,Normal,38.0,Mixed,Organised,41.0,Normal,48.0,Normal,50.0,Normal,Free Form,55,Medium,55.0,Press,59.0,Normal,Cover,46.333333333333336,56.333333333333336,51.333333333333336
289,78,9925,2010-02-22 00:00:00,70,Fast,49.0,Little,70.0,Long,Organised,65.0,Normal,70.0,Lots,70.0,Lots,Organised,60,Medium,70.0,Double,70.0,Wide,Cover,68.33333333333333,66.66666666666667,67.5
290,78,9925,2011-02-22 00:00:00,54,Balanced,49.0,Little,52.0,Mixed,Organised,52.0,Normal,67.0,Lots,51.0,Normal,Organised,46,Medium,46.0,Press,67.0,Wide,Cover,56.666666666666664,53.0,54.83333333333333
291,78,9925,2012-02-22 00:00:00,70,Fast,49.0,Little,58.0,Mixed,Organised,54.0,Normal,58.0,Normal,60.0,Normal,Organised,50,Medium,50.0,Press,60.0,Normal,Cover,57.333333333333336,53.333333333333336,55.333333333333336
292,78,9925,2013-09-20 00:00:00,50,Balanced,49.0,Little,53.0,Mixed,Organised,57.0,Normal,58.0,Normal,60.0,Normal,Free Form,55,Medium,51.0,Press,60.0,Normal,Cover,58.333333333333336,55.333333333333336,56.833333333333336
293,78,9925,2014-09-19 00:00:00,70,Fast,52.0,Normal,58.0,Mixed,Organised,55.0,Normal,61.0,Normal,62.0,Normal,Organised,51,Medium,54.0,Press,60.0,Normal,Cover,59.333333333333336,55.0,57.16666666666667
294,78,9925,2015-09-10 00:00:00,54,Balanced,49.0,Normal,53.0,Mixed,Organised,51.0,Normal,51.0,Normal,62.0,Normal,Organised,58,Medium,55.0,Press,56.0,Normal,Cover,54.666666666666664,56.333333333333336,55.5
295,1750,9984,2010-02-22 00:00:00,45,Balanced,49.0,Little,35.0,Mixed,Organised,70.0,Risky,45.0,Normal,55.0,Normal,Organised,65,Medium,60.0,Press,70.0,Wide,Cover,56.666666666666664,65.0,60.83333333333333
296,1750,9984,2011-02-22 00:00:00,50,Balanced,49.0,Little,50.0,Mixed,Free Form,70.0,Risky,65.0,Normal,65.0,Normal,Organised,60,Medium,50.0,Press,70.0,Wide,Cover,66.66666666666667,60.0,63.333333333333336
297,1750,9984,2012-02-22 00:00:00,68,Fast,49.0,Little,54.0,Mixed,Organised,55.0,Normal,68.0,Lots,42.0,Normal,Organised,59,Medium,47.0,Press,62.0,Normal,Cover,55.0,56.0,55.5
298,1750,9984,2013-09-20 00:00:00,53,Balanced,49.0,Little,40.0,Mixed,Organised,55.0,Normal,68.0,Lots,42.0,Normal,Free Form,59,Medium,47.0,Press,62.0,Normal,Cover,55.0,56.0,55.5
299,1750,9984,2014-09-19 00:00:00,53,Balanced,49.0,Normal,43.0,Mixed,Organised,52.0,Normal,58.0,Normal,42.0,Normal,Organised,59,Medium,47.0,Press,62.0,Normal,Cover,50.666666666666664,56.0,53.33333333333333
300,1750,9984,2015-09-10 00:00:00,53,Balanced,49.0,Normal,43.0,Mixed,Organised,52.0,Normal,58.0,Normal,42.0,Normal,Organised,59,Medium,47.0,Press,62.0,Normal,Cover,50.666666666666664,56.0,53.33333333333333
301,110915,9880,2010-02-22 00:00:00,30,Slow,49.0,Little,30.0,Short,Organised,35.0,Normal,45.0,Normal,65.0,Normal,Organised,50,Medium,30.0,Contain,50.0,Normal,Cover,48.333333333333336,43.333333333333336,45.833333333333336
302,110915,9880,2011-02-22 00:00:00,50,Balanced,49.0,Little,50.0,Mixed,Organised,35.0,Normal,35.0,Normal,50.0,Normal,Organised,35,Medium,55.0,Press,50.0,Normal,Cover,40.0,46.666666666666664,43.33333333333333
303,110915,9880,2012-02-22 00:00:00,60,Balanced,49.0,Little,40.0,Mixed,Organised,50.0,Normal,35.0,Normal,65.0,Normal,Organised,35,Medium,45.0,Press,50.0,Normal,Cover,50.0,43.333333333333336,46.66666666666667
304,110915,9880,2013-09-20 00:00:00,73,Fast,49.0,Little,44.0,Mixed,Organised,53.0,Normal,44.0,Normal,73.0,Lots,Organised,39,Medium,49.0,Press,57.0,Normal,Cover,56.666666666666664,48.333333333333336,52.5
305,110915,9880,2014-09-19 00:00:00,73,Fast,29.0,Little,41.0,Mixed,Organised,53.0,Normal,44.0,Normal,73.0,Lots,Organised,39,Medium,49.0,Press,57.0,Normal,Cover,56.666666666666664,48.333333333333336,52.5
306,110915,9880,2015-09-10 00:00:00,66,Balanced,31.0,Little,41.0,Mixed,Organised,53.0,Normal,44.0,Normal,66.0,Normal,Organised,39,Medium,49.0,Press,57.0,Normal,Cover,54.333333333333336,48.333333333333336,51.333333333333336
307,5,8455,2010-02-22 00:00:00,70,Fast,49.0,Little,60.0,Mixed,Free Form,56.0,Normal,70.0,Lots,70.0,Lots,Free Form,30,Deep,60.0,Press,35.0,Normal,Cover,65.33333333333333,41.666666666666664,53.5
308,5,8455,2011-02-22 00:00:00,60,Balanced,49.0,Little,50.0,Mixed,Free Form,60.0,Normal,60.0,Normal,80.0,Lots,Free Form,35,Medium,55.0,Press,50.0,Normal,Cover,66.66666666666667,46.666666666666664,56.66666666666667
309,5,8455,2012-02-22 00:00:00,60,Balanced,49.0,Little,45.0,Mixed,Organised,55.0,Normal,45.0,Normal,45.0,Normal,Organised,60,Medium,62.0,Press,46.0,Normal,Cover,48.333333333333336,56.0,52.16666666666667
310,5,8455,2013-09-20 00:00:00,46,Balanced,49.0,Little,41.0,Mixed,Organised,46.0,Normal,61.0,Normal,63.0,Normal,Organised,42,Medium,43.0,Press,46.0,Normal,Cover,56.666666666666664,43.666666666666664,50.166666666666664
311,5,8455,2014-09-19 00:00:00,67,Fast,52.0,Normal,38.0,Mixed,Organised,41.0,Normal,61.0,Normal,68.0,Lots,Organised,39,Medium,41.0,Press,46.0,Normal,Cover,56.666666666666664,42.0,49.33333333333333
312,5,8455,2015-09-10 00:00:00,67,Fast,41.0,Normal,36.0,Mixed,Organised,41.0,Normal,34.0,Normal,44.0,Normal,Organised,39,Medium,41.0,Press,46.0,Normal,Cover,39.666666666666664,42.0,40.83333333333333
313,192,8533,2010-02-22 00:00:00,45,Balanced,49.0,Little,30.0,Short,Organised,35.0,Normal,45.0,Normal,65.0,Normal,Organised,30,Deep,70.0,Double,65.0,Normal,Offside Trap,48.333333333333336,55.0,51.66666666666667
314,192,8533,2011-02-22 00:00:00,45,Balanced,49.0,Little,50.0,Mixed,Organised,49.0,Normal,45.0,Normal,35.0,Normal,Organised,36,Medium,70.0,Double,51.0,Normal,Cover,43.0,52.333333333333336,47.66666666666667
315,192,8533,2012-02-22 00:00:00,60,Balanced,49.0,Little,65.0,Mixed,Organised,50.0,Normal,50.0,Normal,65.0,Normal,Organised,25,Deep,45.0,Press,50.0,Normal,Cover,55.0,40.0,47.5
316,192,8533,2013-09-20 00:00:00,66,Balanced,49.0,Little,67.0,Long,Organised,52.0,Normal,51.0,Normal,66.0,Normal,Free Form,26,Deep,59.0,Press,51.0,Normal,Cover,56.333333333333336,45.333333333333336,50.833333333333336
317,192,8533,2014-09-19 00:00:00,66,Balanced,54.0,Normal,67.0,Long,Organised,52.0,Normal,66.0,Normal,52.0,Normal,Organised,46,Medium,59.0,Press,51.0,Normal,Cover,56.666666666666664,52.0,54.33333333333333
318,192,8533,2015-09-10 00:00:00,66,Balanced,54.0,Normal,67.0,Long,Organised,52.0,Normal,66.0,Normal,52.0,Normal,Organised,46,Medium,59.0,Press,51.0,Normal,Cover,56.666666666666664,52.0,54.33333333333333
319,231,8342,2010-02-22 00:00:00,35,Balanced,49.0,Little,40.0,Mixed,Organised,45.0,Normal,50.0,Normal,45.0,Normal,Organised,60,Medium,70.0,Double,70.0,Wide,Cover,46.666666666666664,66.66666666666667,56.66666666666667
320,231,8342,2011-02-22 00:00:00,67,Fast,49.0,Little,47.0,Mixed,Free Form,68.0,Risky,49.0,Normal,53.0,Normal,Free Form,57,Medium,44.0,Press,47.0,Normal,Cover,56.666666666666664,49.333333333333336,53.0
321,231,8342,2012-02-22 00:00:00,64,Balanced,49.0,Little,54.0,Mixed,Organised,48.0,Normal,61.0,Normal,47.0,Normal,Organised,60,Medium,50.0,Press,52.0,Normal,Cover,52.0,54.0,53.0
322,231,8342,2013-09-20 00:00:00,45,Balanced,49.0,Little,48.0,Mixed,Organised,48.0,Normal,61.0,Normal,47.0,Normal,Organised,43,Medium,59.0,Press,45.0,Normal,Cover,52.0,49.0,50.5
323,231,8342,2014-09-19 00:00:00,42,Balanced,52.0,Normal,45.0,Mixed,Organised,42.0,Normal,57.0,Normal,47.0,Normal,Organised,51,Medium,50.0,Press,57.0,Normal,Cover,48.666666666666664,52.666666666666664,50.666666666666664
324,231,8342,2015-09-10 00:00:00,42,Balanced,52.0,Normal,45.0,Mixed,Organised,42.0,Normal,57.0,Normal,47.0,Normal,Organised,51,Medium,50.0,Press,57.0,Normal,Cover,48.666666666666664,52.666666666666664,50.666666666666664
325,1867,7869,2010-02-22 00:00:00,30,Slow,49.0,Little,30.0,Short,Organised,35.0,Normal,45.0,Normal,60.0,Normal,Organised,35,Medium,30.0,Contain,40.0,Normal,Cover,46.666666666666664,35.0,40.83333333333333
326,1867,7869,2011-02-22 00:00:00,39,Balanced,49.0,Little,41.0,Mixed,Organised,40.0,Normal,42.0,Normal,46.0,Normal,Organised,40,Medium,38.0,Press,44.0,Normal,Cover,42.666666666666664,40.666666666666664,41.666666666666664
327,1867,7869,2012-02-22 00:00:00,40,Balanced,49.0,Little,53.0,Mixed,Organised,40.0,Normal,71.0,Lots,48.0,Normal,Organised,36,Medium,41.0,Press,52.0,Normal,Cover,53.0,43.0,48.0
328,1867,7869,2013-09-20 00:00:00,40,Balanced,49.0,Little,53.0,Mixed,Organised,40.0,Normal,71.0,Lots,48.0,Normal,Organised,36,Medium,41.0,Press,52.0,Normal,Cover,53.0,43.0,48.0
329,1867,7869,2014-09-19 00:00:00,40,Balanced,53.0,Normal,53.0,Mixed,Organised,40.0,Normal,66.0,Normal,48.0,Normal,Organised,36,Medium,41.0,Press,52.0,Normal,Cover,51.333333333333336,43.0,47.16666666666667
330,1867,7869,2015-09-10 00:00:00,53,Balanced,40.0,Normal,48.0,Mixed,Organised,55.0,Normal,59.0,Normal,57.0,Normal,Organised,38,Medium,39.0,Press,52.0,Normal,Cover,57.0,43.0,50.0
331,110747,2186,2010-02-22 00:00:00,30,Slow,49.0,Little,45.0,Mixed,Organised,40.0,Normal,35.0,Normal,65.0,Normal,Organised,69,High,70.0,Double,65.0,Normal,Cover,46.666666666666664,68.0,57.33333333333333
332,110747,2186,2011-02-22 00:00:00,46,Balanced,49.0,Little,51.0,Mixed,Organised,48.0,Normal,48.0,Normal,52.0,Normal,Organised,48,Medium,33.0,Contain,63.0,Normal,Cover,49.333333333333336,48.0,48.66666666666667
333,110747,2186,2012-02-22 00:00:00,57,Balanced,49.0,Little,59.0,Mixed,Organised,57.0,Normal,33.0,Little,78.0,Lots,Organised,59,Medium,51.0,Press,53.0,Normal,Cover,56.0,54.333333333333336,55.16666666666667
334,110747,2186,2014-09-19 00:00:00,37,Balanced,50.0,Normal,38.0,Mixed,Organised,66.0,Normal,66.0,Normal,33.0,Little,Organised,59,Medium,34.0,Press,64.0,Normal,Cover,55.0,52.333333333333336,53.66666666666667
335,110747,2186,2015-09-10 00:00:00,37,Balanced,50.0,Normal,38.0,Mixed,Organised,66.0,Normal,66.0,Normal,33.0,Little,Organised,59,Medium,34.0,Press,64.0,Normal,Cover,55.0,52.333333333333336,53.66666666666667
336,1799,9826,2010-02-22 00:00:00,70,Fast,49.0,Little,70.0,Long,Organised,70.0,Risky,70.0,Lots,65.0,Normal,Organised,65,Medium,60.0,Press,60.0,Normal,Cover,68.33333333333333,61.666666666666664,65.0
337,1799,9826,2011-02-22 00:00:00,53,Balanced,49.0,Little,54.0,Mixed,Organised,69.0,Risky,48.0,Normal,52.0,Normal,Organised,48,Medium,43.0,Press,33.0,Narrow,Cover,56.333333333333336,41.333333333333336,48.833333333333336
338,1799,9826,2012-02-22 00:00:00,43,Balanced,49.0,Little,46.0,Mixed,Organised,69.0,Risky,66.0,Normal,47.0,Normal,Organised,44,Medium,27.5,Contain,53.0,Normal,Cover,60.666666666666664,41.5,51.08333333333333
339,1799,9826,2013-09-20 00:00:00,52,Balanced,49.0,Little,47.0,Mixed,Organised,69.0,Risky,66.0,Normal,47.0,Normal,Organised,36,Medium,33.0,Contain,53.0,Normal,Cover,60.666666666666664,40.666666666666664,50.666666666666664
340,1799,9826,2014-09-19 00:00:00,61,Balanced,36.0,Normal,68.0,Long,Organised,67.0,Risky,62.0,Normal,52.0,Normal,Organised,36,Medium,34.0,Press,48.0,Normal,Cover,60.333333333333336,39.333333333333336,49.833333333333336
341,1799,9826,2015-09-10 00:00:00,61,Balanced,45.0,Normal,67.0,Long,Organised,67.0,Risky,69.0,Lots,50.0,Normal,Organised,36,Medium,34.0,Press,41.0,Normal,Cover,62.0,37.0,49.5
342,110502,8262,2015-09-10 00:00:00,59,Balanced,43.0,Normal,77.0,Long,Organised,52.0,Normal,77.0,Lots,45.0,Normal,Organised,32,Deep,56.0,Press,41.0,Normal,Cover,58.0,43.0,50.5
343,635,8526,2011-02-22 00:00:00,30,Slow,49.0,Little,40.0,Mixed,Organised,43.0,Normal,45.0,Normal,65.0,Normal,Organised,42,Medium,45.0,Press,50.0,Normal,Cover,51.0,45.666666666666664,48.33333333333333
344,635,8526,2012-02-22 00:00:00,37,Balanced,49.0,Little,41.0,Mixed,Organised,47.0,Normal,40.0,Normal,63.0,Normal,Organised,52,Medium,43.0,Press,41.0,Normal,Cover,50.0,45.333333333333336,47.66666666666667
345,242,9783,2010-02-22 00:00:00,30,Slow,49.0,Little,30.0,Short,Organised,30.0,Safe,45.0,Normal,65.0,Normal,Organised,35,Medium,35.0,Press,45.0,Normal,Offside Trap,46.666666666666664,38.333333333333336,42.5
346,242,9783,2011-02-22 00:00:00,56,Balanced,49.0,Little,42.0,Mixed,Organised,57.0,Normal,69.0,Lots,61.0,Normal,Organised,38,Medium,44.0,Press,69.0,Wide,Cover,62.333333333333336,50.333333333333336,56.333333333333336
347,242,9783,2012-02-22 00:00:00,56,Balanced,49.0,Little,46.0,Mixed,Organised,38.0,Normal,52.0,Normal,68.0,Lots,Organised,45,Medium,50.0,Press,59.0,Normal,Cover,52.666666666666664,51.333333333333336,52.0
348,242,9783,2013-09-20 00:00:00,56,Balanced,49.0,Little,46.0,Mixed,Organised,38.0,Normal,52.0,Normal,68.0,Lots,Organised,45,Medium,50.0,Press,59.0,Normal,Cover,52.666666666666664,51.333333333333336,52.0
349,242,9783,2014-09-19 00:00:00,56,Balanced,55.0,Normal,46.0,Mixed,Organised,38.0,Normal,52.0,Normal,68.0,Lots,Organised,45,Medium,50.0,Press,59.0,Normal,Cover,52.666666666666664,51.333333333333336,52.0
350,242,9783,2015-09-10 00:00:00,53,Balanced,55.0,Normal,47.0,Mixed,Organised,38.0,Normal,52.0,Normal,55.0,Normal,Organised,45,Medium,50.0,Press,59.0,Normal,Offside Trap,48.333333333333336,51.333333333333336,49.833333333333336
351,110569,9836,2010-02-22 00:00:00,55,Balanced,49.0,Little,40.0,Mixed,Organised,40.0,Normal,40.0,Normal,55.0,Normal,Organised,30,Deep,60.0,Press,30.5,Narrow,Offside Trap,45.0,40.166666666666664,42.58333333333333
352,110569,9836,2011-02-22 00:00:00,65,Balanced,49.0,Little,50.0,Mixed,Organised,50.0,Normal,65.0,Normal,50.0,Normal,Organised,35,Medium,45.0,Press,50.0,Normal,Cover,55.0,43.333333333333336,49.16666666666667
353,110569,9836,2012-02-22 00:00:00,51,Balanced,49.0,Little,49.0,Mixed,Organised,49.0,Normal,52.0,Normal,52.0,Normal,Organised,45,Medium,46.0,Press,58.0,Normal,Cover,51.0,49.666666666666664,50.33333333333333
354,110569,9836,2013-09-20 00:00:00,51,Balanced,49.0,Little,49.0,Mixed,Organised,49.0,Normal,52.0,Normal,52.0,Normal,Organised,45,Medium,46.0,Press,58.0,Normal,Cover,51.0,49.666666666666664,50.33333333333333
355,110569,9836,2014-09-19 00:00:00,51,Balanced,54.0,Normal,49.0,Mixed,Organised,49.0,Normal,52.0,Normal,52.0,Normal,Organised,45,Medium,46.0,Press,58.0,Normal,Cover,51.0,49.666666666666664,50.33333333333333
356,110569,9836,2015-09-10 00:00:00,51,Balanced,54.0,Normal,49.0,Mixed,Organised,49.0,Normal,52.0,Normal,52.0,Normal,Organised,45,Medium,46.0,Press,58.0,Normal,Cover,51.0,49.666666666666664,50.33333333333333
357,180,8284,2013-09-20 00:00:00,50,Balanced,49.0,Little,49.0,Mixed,Organised,38.0,Normal,60.0,Normal,53.0,Normal,Organised,48,Medium,47.0,Press,59.0,Normal,Cover,50.333333333333336,51.333333333333336,50.833333333333336
358,180,8284,2015-09-10 00:00:00,47,Balanced,47.0,Normal,48.0,Mixed,Organised,32.0,Safe,61.0,Normal,65.0,Normal,Organised,50,Medium,44.0,Press,52.0,Normal,Cover,52.666666666666664,48.666666666666664,50.666666666666664
359,181,9938,2010-02-22 00:00:00,70,Fast,49.0,Little,70.0,Long,Organised,65.0,Normal,70.0,Lots,70.0,Lots,Organised,60,Medium,70.0,Double,70.0,Wide,Cover,68.33333333333333,66.66666666666667,67.5
360,181,9938,2011-02-22 00:00:00,68,Fast,49.0,Little,53.0,Mixed,Organised,67.0,Risky,53.0,Normal,67.0,Lots,Organised,57,Medium,57.0,Press,63.0,Normal,Cover,62.333333333333336,59.0,60.66666666666667
361,181,9938,2012-02-22 00:00:00,60,Balanced,49.0,Little,60.0,Mixed,Organised,50.0,Normal,50.0,Normal,35.0,Normal,Organised,40,Medium,38.0,Press,52.0,Normal,Cover,45.0,43.333333333333336,44.16666666666667
362,181,9938,2013-09-20 00:00:00,53,Balanced,49.0,Little,52.0,Mixed,Organised,55.0,Normal,53.0,Normal,42.0,Normal,Organised,41,Medium,41.0,Press,52.0,Normal,Cover,50.0,44.666666666666664,47.33333333333333
363,181,9938,2014-09-19 00:00:00,60,Balanced,51.0,Normal,60.0,Mixed,Organised,52.0,Normal,55.0,Normal,38.0,Normal,Organised,41,Medium,40.0,Press,52.0,Normal,Cover,48.333333333333336,44.333333333333336,46.333333333333336
364,181,9938,2015-09-10 00:00:00,60,Balanced,58.0,Normal,53.0,Mixed,Organised,55.0,Normal,49.0,Normal,45.0,Normal,Organised,48,Medium,42.0,Press,53.0,Normal,Cover,49.666666666666664,47.666666666666664,48.666666666666664
365,182,8457,2012-02-22 00:00:00,55,Balanced,49.0,Little,60.0,Mixed,Organised,46.0,Normal,68.0,Lots,54.0,Normal,Organised,42,Medium,43.0,Press,63.0,Normal,Cover,56.0,49.333333333333336,52.66666666666667
366,467,8372,2014-09-19 00:00:00,62,Balanced,51.0,Normal,52.0,Mixed,Organised,60.0,Normal,55.0,Normal,64.0,Normal,Organised,37,Medium,56.0,Press,49.0,Normal,Cover,59.666666666666664,47.333333333333336,53.5
367,467,8372,2015-09-10 00:00:00,62,Balanced,51.0,Normal,52.0,Mixed,Organised,59.0,Normal,55.0,Normal,52.0,Normal,Organised,37,Medium,56.0,Press,49.0,Normal,Cover,55.333333333333336,47.333333333333336,51.333333333333336
368,110500,9776,2012-02-22 00:00:00,64,Balanced,49.0,Little,54.0,Mixed,Organised,52.0,Normal,66.0,Normal,62.0,Normal,Organised,54,Medium,42.0,Press,48.0,Normal,Cover,60.0,48.0,54.0
369,110500,9776,2013-09-20 00:00:00,68,Fast,49.0,Little,54.0,Mixed,Organised,62.0,Normal,66.0,Normal,67.0,Lots,Free Form,57,Medium,47.0,Press,53.0,Normal,Cover,65.0,52.333333333333336,58.66666666666667
370,110500,9776,2014-09-19 00:00:00,61,Balanced,60.0,Normal,62.0,Mixed,Organised,59.0,Normal,43.0,Normal,55.0,Normal,Organised,30,Deep,40.0,Press,39.0,Normal,Cover,52.333333333333336,36.333333333333336,44.333333333333336
371,110500,9776,2015-09-10 00:00:00,66,Balanced,44.0,Normal,54.0,Mixed,Organised,62.0,Normal,59.0,Normal,51.0,Normal,Free Form,57,Medium,47.0,Press,53.0,Normal,Cover,57.333333333333336,52.333333333333336,54.833333333333336
372,1824,9810,2010-02-22 00:00:00,60,Balanced,49.0,Little,35.0,Mixed,Organised,35.0,Normal,70.0,Lots,60.0,Normal,Organised,65,Medium,30.0,Contain,45.0,Normal,Cover,55.0,46.666666666666664,50.83333333333333
373,1824,9810,2011-02-22 00:00:00,52,Balanced,49.0,Little,43.0,Mixed,Organised,62.0,Normal,62.0,Normal,41.0,Normal,Organised,48,Medium,50.0,Press,53.0,Normal,Cover,55.0,50.333333333333336,52.66666666666667
374,1824,9810,2012-02-22 00:00:00,38,Balanced,49.0,Little,34.0,Mixed,Organised,47.0,Normal,45.0,Normal,48.0,Normal,Organised,46,Medium,45.0,Press,54.0,Normal,Cover,46.666666666666664,48.333333333333336,47.5
375,1824,9810,2013-09-20 00:00:00,41,Balanced,49.0,Little,34.0,Mixed,Organised,47.0,Normal,45.0,Normal,48.0,Normal,Organised,46,Medium,45.0,Press,57.0,Normal,Cover,46.666666666666664,49.333333333333336,48.0
376,1824,9810,2014-09-19 00:00:00,63,Balanced,48.0,Normal,42.0,Mixed,Organised,57.0,Normal,50.0,Normal,52.0,Normal,Organised,43,Medium,46.0,Press,55.0,Normal,Cover,53.0,48.0,50.5
377,1824,9810,2015-09-10 00:00:00,51,Balanced,41.0,Normal,38.0,Mixed,Organised,47.0,Normal,58.0,Normal,40.0,Normal,Organised,48,Medium,42.0,Press,55.0,Normal,Cover,48.333333333333336,48.333333333333336,48.333333333333336
378,468,10268,2010-02-22 00:00:00,30,Slow,49.0,Little,30.0,Short,Organised,45.0,Normal,50.0,Normal,70.0,Lots,Organised,50,Medium,45.0,Press,45.0,Normal,Cover,55.0,46.666666666666664,50.83333333333333
379,468,10268,2011-02-22 00:00:00,43,Balanced,49.0,Little,39.0,Mixed,Organised,52.0,Normal,43.0,Normal,46.0,Normal,Organised,40,Medium,39.0,Press,51.0,Normal,Cover,47.0,43.333333333333336,45.16666666666667
380,468,10268,2012-02-22 00:00:00,55,Balanced,49.0,Little,73.0,Long,Organised,53.0,Normal,54.0,Normal,57.0,Normal,Organised,49,Medium,51.0,Press,58.0,Normal,Cover,54.666666666666664,52.666666666666664,53.666666666666664
381,468,10268,2013-09-20 00:00:00,55,Balanced,49.0,Little,73.0,Long,Organised,53.0,Normal,54.0,Normal,57.0,Normal,Organised,49,Medium,51.0,Press,58.0,Normal,Cover,54.666666666666664,52.666666666666664,53.666666666666664
382,468,10268,2014-09-19 00:00:00,55,Balanced,47.0,Normal,69.0,Long,Organised,53.0,Normal,54.0,Normal,57.0,Normal,Organised,49,Medium,51.0,Press,58.0,Normal,Cover,54.666666666666664,52.666666666666664,53.666666666666664
383,468,10268,2015-09-10 00:00:00,51,Balanced,52.0,Normal,48.0,Mixed,Organised,53.0,Normal,54.0,Normal,57.0,Normal,Organised,49,Medium,51.0,Press,58.0,Normal,Cover,54.666666666666664,52.666666666666664,53.666666666666664
384,1746,8534,2010-02-22 00:00:00,30,Slow,49.0,Little,30.0,Short,Organised,30.0,Safe,30.0,Little,55.0,Normal,Organised,30,Deep,30.0,Contain,30.5,Narrow,Cover,38.333333333333336,30.166666666666668,34.25
385,1746,8534,2011-02-22 00:00:00,50,Balanced,49.0,Little,35.0,Mixed,Organised,50.0,Normal,50.0,Normal,55.0,Normal,Organised,45,Medium,45.0,Press,47.0,Normal,Offside Trap,51.666666666666664,45.666666666666664,48.666666666666664
386,1746,8534,2012-02-22 00:00:00,50,Balanced,49.0,Little,50.0,Mixed,Organised,50.0,Normal,50.0,Normal,50.0,Normal,Organised,35,Medium,45.0,Press,50.0,Normal,Cover,50.0,43.333333333333336,46.66666666666667
387,1746,8534,2013-09-20 00:00:00,51,Balanced,49.0,Little,54.0,Mixed,Organised,53.0,Normal,54.0,Normal,62.0,Normal,Organised,39,Medium,50.0,Press,59.0,Normal,Cover,56.333333333333336,49.333333333333336,52.833333333333336
388,1746,8534,2014-09-19 00:00:00,63,Balanced,43.0,Normal,39.0,Mixed,Organised,66.0,Normal,67.0,Lots,51.0,Normal,Organised,53,Medium,57.0,Press,54.0,Normal,Cover,61.333333333333336,54.666666666666664,58.0
389,1746,8534,2015-09-10 00:00:00,66,Balanced,43.0,Normal,36.0,Mixed,Organised,59.0,Normal,64.0,Normal,63.0,Normal,Organised,46,Medium,66.0,Press,48.0,Normal,Cover,62.0,53.333333333333336,57.66666666666667
390,162,8398,2010-02-22 00:00:00,45,Balanced,49.0,Little,55.0,Mixed,Organised,30.0,Safe,55.0,Normal,45.0,Normal,Organised,68,High,70.0,Double,68.0,Wide,Cover,43.333333333333336,68.66666666666667,56.0
391,162,8398,2011-02-22 00:00:00,64,Balanced,49.0,Little,55.0,Mixed,Organised,71.0,Risky,38.0,Normal,52.0,Normal,Organised,58,Medium,48.0,Press,40.0,Normal,Cover,53.666666666666664,48.666666666666664,51.166666666666664
392,162,8398,2012-02-22 00:00:00,50,Balanced,49.0,Little,48.0,Mixed,Organised,47.0,Normal,67.0,Lots,53.0,Normal,Organised,57,Medium,47.0,Press,52.0,Normal,Cover,55.666666666666664,52.0,53.83333333333333
393,162,8398,2013-09-20 00:00:00,50,Balanced,49.0,Little,48.0,Mixed,Organised,47.0,Normal,67.0,Lots,53.0,Normal,Organised,57,Medium,47.0,Press,52.0,Normal,Cover,55.666666666666664,52.0,53.83333333333333
394,162,8398,2014-09-19 00:00:00,39,Balanced,47.0,Normal,40.0,Mixed,Organised,52.0,Normal,67.0,Lots,56.0,Normal,Organised,47,Medium,55.0,Press,52.0,Normal,Cover,58.333333333333336,51.333333333333336,54.833333333333336
395,452,8558,2010-02-22 00:00:00,55,Balanced,49.0,Little,40.0,Mixed,Organised,70.0,Risky,55.0,Normal,70.0,Lots,Organised,69,High,50.0,Press,60.0,Normal,Cover,65.0,59.666666666666664,62.33333333333333
396,452,8558,2011-02-22 00:00:00,68,Fast,49.0,Little,55.0,Mixed,Organised,72.0,Risky,70.0,Lots,54.0,Normal,Organised,51,Medium,58.0,Press,56.0,Normal,Cover,65.33333333333333,55.0,60.166666666666664
397,452,8558,2012-02-22 00:00:00,46,Balanced,49.0,Little,44.0,Mixed,Organised,52.0,Normal,60.0,Normal,40.0,Normal,Organised,37,Medium,40.0,Press,45.0,Normal,Cover,50.666666666666664,40.666666666666664,45.666666666666664
398,452,8558,2013-09-20 00:00:00,50,Balanced,49.0,Little,44.0,Mixed,Organised,52.0,Normal,60.0,Normal,40.0,Normal,Free Form,37,Medium,40.0,Press,45.0,Normal,Cover,50.666666666666664,40.666666666666664,45.666666666666664
399,452,8558,2014-09-19 00:00:00,50,Balanced,52.0,Normal,44.0,Mixed,Organised,52.0,Normal,60.0,Normal,40.0,Normal,Organised,37,Medium,40.0,Press,45.0,Normal,Cover,50.666666666666664,40.666666666666664,45.666666666666664
400,452,8558,2015-09-10 00:00:00,50,Balanced,52.0,Normal,44.0,Mixed,Organised,52.0,Normal,60.0,Normal,40.0,Normal,Free Form,37,Medium,40.0,Press,45.0,Normal,Cover,50.666666666666664,40.666666666666664,45.666666666666664
401,10020,7842,2013-09-20 00:00:00,66,Balanced,49.0,Little,52.0,Mixed,Organised,47.0,Normal,53.0,Normal,39.0,Normal,Free Form,46,Medium,49.0,Press,55.0,Normal,Cover,46.333333333333336,50.0,48.16666666666667
402,10020,7842,2014-09-19 00:00:00,66,Balanced,56.0,Normal,52.0,Mixed,Organised,47.0,Normal,53.0,Normal,39.0,Normal,Organised,46,Medium,49.0,Press,55.0,Normal,Cover,46.333333333333336,50.0,48.16666666666667
403,10020,7842,2015-09-10 00:00:00,59,Balanced,56.0,Normal,52.0,Mixed,Organised,47.0,Normal,53.0,Normal,39.0,Normal,Organised,46,Medium,49.0,Press,55.0,Normal,Cover,46.333333333333336,50.0,48.16666666666667
404,2013,6351,2011-02-22 00:00:00,50,Balanced,49.0,Little,55.0,Mixed,Organised,50.0,Normal,55.0,Normal,55.0,Normal,Organised,50,Medium,50.0,Press,55.0,Normal,Cover,53.333333333333336,51.666666666666664,52.5
405,7,8668,2010-02-22 00:00:00,60,Balanced,49.0,Little,65.0,Mixed,Organised,60.0,Normal,70.0,Lots,45.0,Normal,Organised,40,Medium,70.0,Double,40.0,Normal,Cover,58.333333333333336,50.0,54.16666666666667
406,7,8668,2011-02-22 00:00:00,60,Balanced,49.0,Little,50.0,Mixed,Organised,55.0,Normal,70.0,Lots,55.0,Normal,Organised,55,Medium,65.0,Press,60.0,Normal,Cover,60.0,60.0,60.0
407,7,8668,2012-02-22 00:00:00,56,Balanced,49.0,Little,56.0,Mixed,Organised,48.0,Normal,57.0,Normal,56.0,Normal,Organised,50,Medium,50.0,Press,60.0,Normal,Cover,53.666666666666664,53.333333333333336,53.5
408,7,8668,2013-09-20 00:00:00,58,Balanced,49.0,Little,62.0,Mixed,Organised,48.0,Normal,59.0,Normal,32.0,Little,Organised,41,Medium,44.0,Press,59.0,Normal,Cover,46.333333333333336,48.0,47.16666666666667
409,7,8668,2014-09-19 00:00:00,61,Balanced,34.0,Normal,42.0,Mixed,Organised,39.0,Normal,59.0,Normal,48.0,Normal,Organised,52,Medium,58.0,Press,60.0,Normal,Cover,48.666666666666664,56.666666666666664,52.666666666666664
410,7,8668,2015-09-10 00:00:00,43,Balanced,45.0,Normal,40.0,Mixed,Organised,39.0,Normal,33.0,Little,63.0,Normal,Organised,52,Medium,58.0,Press,59.0,Normal,Cover,45.0,56.333333333333336,50.66666666666667
411,111271,4087,2011-02-22 00:00:00,35,Balanced,49.0,Little,65.0,Mixed,Organised,50.0,Normal,65.0,Normal,65.0,Normal,Organised,45,Medium,55.0,Press,65.0,Normal,Cover,60.0,55.0,57.5
412,111271,4087,2012-02-22 00:00:00,53,Balanced,49.0,Little,44.0,Mixed,Organised,52.0,Normal,52.0,Normal,64.0,Normal,Organised,47,Medium,56.0,Press,50.0,Normal,Cover,56.0,51.0,53.5
413,111271,4087,2013-09-20 00:00:00,53,Balanced,49.0,Little,44.0,Mixed,Organised,52.0,Normal,52.0,Normal,64.0,Normal,Organised,47,Medium,56.0,Press,50.0,Normal,Cover,56.0,51.0,53.5
414,111271,4087,2014-09-19 00:00:00,61,Balanced,51.0,Normal,44.0,Mixed,Organised,52.0,Normal,61.0,Normal,48.0,Normal,Organised,47,Medium,56.0,Press,50.0,Normal,Cover,53.666666666666664,51.0,52.33333333333333
415,111271,4087,2015-09-10 00:00:00,58,Balanced,35.0,Normal,56.0,Mixed,Organised,52.0,Normal,61.0,Normal,51.0,Normal,Organised,47,Medium,43.0,Press,50.0,Normal,Cover,54.666666666666664,46.666666666666664,50.666666666666664
416,1971,10218,2011-02-22 00:00:00,73,Fast,49.0,Little,59.0,Mixed,Organised,77.0,Risky,33.0,Little,52.0,Normal,Organised,25,Deep,47.0,Press,33.0,Narrow,Cover,54.0,35.0,44.5
417,1971,10218,2012-02-22 00:00:00,47,Balanced,49.0,Little,52.0,Mixed,Organised,63.0,Normal,45.0,Normal,37.0,Normal,Organised,23,Deep,30.0,Contain,32.0,Narrow,Cover,48.333333333333336,28.333333333333332,38.333333333333336
418,1971,10218,2015-09-10 00:00:00,53,Balanced,41.0,Normal,69.0,Long,Organised,48.0,Normal,45.0,Normal,43.0,Normal,Organised,29,Deep,41.0,Press,36.0,Normal,Cover,45.333333333333336,35.333333333333336,40.333333333333336
419,79,8596,2010-02-22 00:00:00,70,Fast,49.0,Little,70.0,Long,Organised,60.0,Normal,70.0,Lots,70.0,Lots,Organised,60,Medium,70.0,Double,70.0,Wide,Cover,66.66666666666667,66.66666666666667,66.66666666666667
420,31,8722,2010-02-22 00:00:00,55,Balanced,49.0,Little,65.0,Mixed,Organised,65.0,Normal,40.0,Normal,60.0,Normal,Organised,45,Medium,55.0,Press,70.0,Wide,Cover,55.0,56.666666666666664,55.83333333333333
421,31,8722,2011-02-22 00:00:00,58,Balanced,49.0,Little,71.0,Long,Organised,42.0,Normal,39.0,Normal,50.0,Normal,Organised,40,Medium,40.0,Press,56.0,Normal,Cover,43.666666666666664,45.333333333333336,44.5
422,31,8722,2012-02-22 00:00:00,53,Balanced,49.0,Little,53.0,Mixed,Organised,57.0,Normal,44.0,Normal,57.0,Normal,Organised,43,Medium,55.0,Press,67.0,Wide,Cover,52.666666666666664,55.0,53.83333333333333
423,31,8722,2013-09-20 00:00:00,60,Balanced,49.0,Little,56.0,Mixed,Organised,57.0,Normal,44.0,Normal,57.0,Normal,Organised,43,Medium,55.0,Press,67.0,Wide,Cover,52.666666666666664,55.0,53.83333333333333
424,31,8722,2014-09-19 00:00:00,59,Balanced,53.0,Normal,57.0,Mixed,Organised,53.0,Normal,47.0,Normal,59.0,Normal,Organised,57,Medium,46.0,Press,54.0,Normal,Cover,53.0,52.333333333333336,52.66666666666667
425,31,8722,2015-09-10 00:00:00,59,Balanced,47.0,Normal,65.0,Mixed,Organised,57.0,Normal,36.0,Normal,71.0,Lots,Organised,42,Medium,56.0,Press,51.0,Normal,Cover,54.666666666666664,49.666666666666664,52.166666666666664
426,100626,6631,2015-09-10 00:00:00,39,Balanced,33.0,Little,62.0,Mixed,Organised,62.0,Normal,66.0,Normal,48.0,Normal,Organised,51,Medium,58.0,Press,55.0,Normal,Cover,58.666666666666664,54.666666666666664,56.666666666666664
427,1915,8674,2010-02-22 00:00:00,41,Balanced,49.0,Little,32.0,Short,Organised,40.0,Normal,47.0,Normal,69.0,Lots,Organised,30,Deep,30.0,Contain,30.5,Narrow,Cover,52.0,30.166666666666668,41.083333333333336
428,1915,8674,2011-02-22 00:00:00,51,Balanced,49.0,Little,39.0,Mixed,Organised,48.0,Normal,67.0,Lots,62.0,Normal,Organised,43,Medium,44.0,Press,49.0,Normal,Cover,59.0,45.333333333333336,52.16666666666667
429,1915,8674,2012-02-22 00:00:00,44,Balanced,49.0,Little,41.0,Mixed,Organised,48.0,Normal,64.0,Normal,42.0,Normal,Organised,49,Medium,47.0,Press,53.0,Normal,Cover,51.333333333333336,49.666666666666664,50.5
430,1915,8674,2013-09-20 00:00:00,44,Balanced,49.0,Little,44.0,Mixed,Organised,56.0,Normal,58.0,Normal,42.0,Normal,Organised,49,Medium,47.0,Press,53.0,Normal,Cover,52.0,49.666666666666664,50.83333333333333
431,1915,8674,2014-09-19 00:00:00,48,Balanced,42.0,Normal,38.0,Mixed,Organised,57.0,Normal,59.0,Normal,45.0,Normal,Organised,49,Medium,47.0,Press,53.0,Normal,Cover,53.666666666666664,49.666666666666664,51.666666666666664
432,1915,8674,2015-09-10 00:00:00,55,Balanced,32.0,Little,55.0,Mixed,Organised,57.0,Normal,59.0,Normal,54.0,Normal,Organised,49,Medium,47.0,Press,53.0,Normal,Cover,56.666666666666664,49.666666666666664,53.166666666666664
433,236,9773,2010-02-22 00:00:00,30,Slow,49.0,Little,30.0,Short,Free Form,60.0,Normal,60.0,Normal,60.0,Normal,Free Form,30,Deep,30.0,Contain,30.5,Narrow,Offside Trap,60.0,30.166666666666668,45.083333333333336
434,236,9773,2011-02-22 00:00:00,50,Balanced,49.0,Little,50.0,Mixed,Organised,50.0,Normal,65.0,Normal,65.0,Normal,Free Form,55,Medium,43.0,Press,65.0,Normal,Cover,60.0,54.333333333333336,57.16666666666667
435,236,9773,2012-02-22 00:00:00,52,Balanced,49.0,Little,53.0,Mixed,Organised,56.0,Normal,72.0,Lots,68.0,Lots,Organised,61,Medium,49.0,Press,60.0,Normal,Cover,65.33333333333333,56.666666666666664,61.0
436,236,9773,2013-09-20 00:00:00,52,Balanced,49.0,Little,53.0,Mixed,Organised,56.0,Normal,72.0,Lots,68.0,Lots,Organised,58,Medium,60.0,Press,57.0,Normal,Cover,65.33333333333333,58.333333333333336,61.83333333333333
437,236,9773,2014-09-19 00:00:00,52,Balanced,50.0,Normal,53.0,Mixed,Organised,56.0,Normal,66.0,Normal,68.0,Lots,Organised,58,Medium,60.0,Press,60.0,Normal,Cover,63.333333333333336,59.333333333333336,61.333333333333336
438,236,9773,2015-09-10 00:00:00,70,Fast,50.0,Normal,53.0,Mixed,Organised,56.0,Normal,66.0,Normal,68.0,Lots,Organised,58,Medium,60.0,Press,60.0,Normal,Cover,63.333333333333336,59.333333333333336,61.333333333333336
439,1903,9908,2010-02-22 00:00:00,45,Balanced,49.0,Little,45.0,Mixed,Organised,33.0,Safe,50.0,Normal,67.0,Lots,Organised,30,Deep,30.0,Contain,30.5,Narrow,Cover,50.0,30.166666666666668,40.083333333333336
440,1903,9908,2011-02-22 00:00:00,66,Balanced,49.0,Little,45.0,Mixed,Organised,41.0,Normal,69.0,Lots,72.0,Lots,Organised,34,Medium,57.0,Press,34.0,Normal,Offside Trap,60.666666666666664,41.666666666666664,51.166666666666664
441,1903,9908,2012-02-22 00:00:00,47,Balanced,49.0,Little,52.0,Mixed,Organised,52.0,Normal,54.0,Normal,52.0,Normal,Organised,45,Medium,49.0,Press,47.0,Normal,Cover,52.666666666666664,47.0,49.83333333333333
442,1903,9908,2013-09-20 00:00:00,47,Balanced,49.0,Little,52.0,Mixed,Organised,52.0,Normal,54.0,Normal,60.0,Normal,Organised,45,Medium,49.0,Press,47.0,Normal,Cover,55.333333333333336,47.0,51.16666666666667
443,1903,9908,2014-09-19 00:00:00,50,Balanced,50.0,Normal,52.0,Mixed,Organised,55.0,Normal,49.0,Normal,52.0,Normal,Organised,45,Medium,49.0,Press,47.0,Normal,Cover,52.0,47.0,49.5
444,1903,9908,2015-09-10 00:00:00,50,Balanced,39.0,Normal,54.0,Mixed,Organised,55.0,Normal,64.0,Normal,28.5,Little,Organised,54,Medium,58.0,Press,47.0,Normal,Cover,49.166666666666664,53.0,51.08333333333333
445,286,9824,2015-09-10 00:00:00,53,Balanced,32.0,Little,56.0,Mixed,Organised,38.0,Normal,53.0,Normal,46.0,Normal,Organised,42,Medium,33.0,Contain,58.0,Normal,Cover,45.666666666666664,44.333333333333336,45.0
446,894,10243,2010-02-22 00:00:00,45,Balanced,49.0,Little,60.0,Mixed,Organised,45.0,Normal,70.0,Lots,50.0,Normal,Organised,50,Medium,55.0,Press,50.0,Normal,Offside Trap,55.0,51.666666666666664,53.33333333333333
447,894,10243,2011-02-22 00:00:00,48,Balanced,49.0,Little,56.0,Mixed,Organised,49.0,Normal,61.0,Normal,55.0,Normal,Organised,54,Medium,49.0,Press,60.0,Normal,Cover,55.0,54.333333333333336,54.66666666666667
448,894,10243,2012-02-22 00:00:00,62,Balanced,49.0,Little,46.0,Mixed,Organised,50.0,Normal,50.0,Normal,54.0,Normal,Organised,47,Medium,43.0,Press,56.0,Normal,Cover,51.333333333333336,48.666666666666664,50.0
449,894,10243,2013-09-20 00:00:00,62,Balanced,49.0,Little,46.0,Mixed,Organised,50.0,Normal,50.0,Normal,54.0,Normal,Organised,47,Medium,43.0,Press,56.0,Normal,Cover,51.333333333333336,48.666666666666664,50.0
450,894,10243,2014-09-19 00:00:00,62,Balanced,49.0,Normal,46.0,Mixed,Organised,47.0,Normal,50.0,Normal,54.0,Normal,Organised,47,Medium,43.0,Press,56.0,Normal,Cover,50.333333333333336,48.666666666666664,49.5
451,894,10243,2015-09-10 00:00:00,62,Balanced,49.0,Normal,46.0,Mixed,Organised,47.0,Normal,50.0,Normal,54.0,Normal,Organised,47,Medium,43.0,Press,56.0,Normal,Cover,50.333333333333336,48.666666666666664,49.5
452,246,10235,2010-02-22 00:00:00,30,Slow,49.0,Little,30.0,Short,Organised,44.0,Normal,41.0,Normal,46.0,Normal,Organised,30,Deep,30.0,Contain,30.5,Narrow,Cover,43.666666666666664,30.166666666666668,36.916666666666664
453,246,10235,2011-02-22 00:00:00,47,Balanced,49.0,Little,53.0,Mixed,Free Form,43.0,Normal,33.0,Little,32.0,Little,Organised,48,Medium,59.0,Press,53.0,Normal,Cover,36.0,53.333333333333336,44.66666666666667
454,246,10235,2012-02-22 00:00:00,38,Balanced,49.0,Little,34.0,Mixed,Organised,60.0,Normal,44.0,Normal,50.0,Normal,Organised,43,Medium,43.0,Press,54.0,Normal,Cover,51.333333333333336,46.666666666666664,49.0
455,246,10235,2013-09-20 00:00:00,44,Balanced,49.0,Little,44.0,Mixed,Organised,48.0,Normal,62.0,Normal,50.0,Normal,Organised,43,Medium,43.0,Press,40.0,Normal,Cover,53.333333333333336,42.0,47.66666666666667
456,246,10235,2014-09-19 00:00:00,54,Balanced,40.0,Normal,60.0,Mixed,Organised,48.0,Normal,67.0,Lots,50.0,Normal,Organised,43,Medium,43.0,Press,40.0,Normal,Cover,55.0,42.0,48.5
457,246,10235,2015-09-10 00:00:00,50,Balanced,33.0,Little,48.0,Mixed,Organised,48.0,Normal,67.0,Lots,31.0,Little,Organised,43,Medium,46.0,Press,40.0,Normal,Cover,48.666666666666664,43.0,45.83333333333333
458,110374,8535,2010-02-22 00:00:00,67,Fast,49.0,Little,30.0,Short,Free Form,50.0,Normal,60.0,Normal,60.0,Normal,Free Form,45,Medium,30.0,Contain,60.0,Normal,Offside Trap,56.666666666666664,45.0,50.83333333333333
459,110374,8535,2011-02-22 00:00:00,49,Balanced,49.0,Little,50.0,Mixed,Organised,50.0,Normal,60.0,Normal,60.0,Normal,Organised,45,Medium,45.0,Press,50.0,Normal,Offside Trap,56.666666666666664,46.666666666666664,51.666666666666664
460,110374,8535,2012-02-22 00:00:00,45,Balanced,49.0,Little,50.0,Mixed,Organised,65.0,Normal,50.0,Normal,50.0,Normal,Organised,45,Medium,45.0,Press,50.0,Normal,Cover,55.0,46.666666666666664,50.83333333333333
461,110374,8535,2013-09-20 00:00:00,53,Balanced,49.0,Little,51.0,Mixed,Organised,64.0,Normal,51.0,Normal,53.0,Normal,Organised,47,Medium,47.0,Press,51.0,Normal,Cover,56.0,48.333333333333336,52.16666666666667
462,110374,8535,2014-09-19 00:00:00,34,Balanced,54.0,Normal,33.0,Short,Organised,68.0,Risky,51.0,Normal,53.0,Normal,Organised,58,Medium,59.0,Press,67.0,Wide,Cover,57.333333333333336,61.333333333333336,59.333333333333336
463,110374,8535,2015-09-10 00:00:00,34,Balanced,54.0,Normal,33.0,Short,Organised,68.0,Risky,51.0,Normal,53.0,Normal,Organised,58,Medium,59.0,Press,61.0,Normal,Cover,57.333333333333336,59.333333333333336,58.333333333333336
464,110636,8194,2010-02-22 00:00:00,65,Balanced,49.0,Little,35.0,Mixed,Organised,70.0,Risky,50.0,Normal,52.0,Normal,Free Form,45,Medium,70.0,Double,54.0,Normal,Cover,57.333333333333336,56.333333333333336,56.833333333333336
465,110636,8194,2011-02-22 00:00:00,51,Balanced,49.0,Little,38.0,Mixed,Organised,52.0,Normal,40.0,Normal,54.0,Normal,Organised,46,Medium,59.0,Press,34.0,Normal,Cover,48.666666666666664,46.333333333333336,47.5
466,110636,8194,2012-02-22 00:00:00,67,Fast,49.0,Little,47.0,Mixed,Organised,67.0,Risky,68.0,Lots,55.0,Normal,Organised,56,Medium,57.0,Press,52.0,Normal,Cover,63.333333333333336,55.0,59.16666666666667
467,110636,8194,2013-09-20 00:00:00,41,Balanced,49.0,Little,69.0,Long,Organised,55.0,Normal,68.0,Lots,52.0,Normal,Organised,24,Deep,48.0,Press,45.0,Normal,Cover,58.333333333333336,39.0,48.66666666666667
468,110636,8194,2014-09-19 00:00:00,72,Fast,69.0,Lots,57.0,Mixed,Organised,55.0,Normal,49.0,Normal,37.0,Normal,Organised,47,Medium,48.0,Press,50.0,Normal,Cover,47.0,48.333333333333336,47.66666666666667
469,110636,8194,2015-09-10 00:00:00,47,Balanced,62.0,Normal,47.0,Mixed,Organised,55.0,Normal,68.0,Lots,55.0,Normal,Organised,56,Medium,57.0,Press,52.0,Normal,Cover,59.333333333333336,55.0,57.16666666666667
470,25,8358,2010-02-22 00:00:00,50,Balanced,49.0,Little,30.0,Short,Organised,30.0,Safe,70.0,Lots,60.0,Normal,Organised,55,Medium,50.0,Press,50.0,Normal,Cover,53.333333333333336,51.666666666666664,52.5
471,25,8358,2011-02-22 00:00:00,50,Balanced,49.0,Little,47.0,Mixed,Organised,47.0,Normal,41.0,Normal,34.0,Normal,Organised,41,Medium,42.0,Press,50.0,Normal,Cover,40.666666666666664,44.333333333333336,42.5
472,25,8358,2012-02-22 00:00:00,52,Balanced,49.0,Little,61.0,Mixed,Organised,62.0,Normal,50.0,Normal,42.0,Normal,Organised,30,Deep,50.0,Press,39.0,Normal,Cover,51.333333333333336,39.666666666666664,45.5
473,25,8358,2013-09-20 00:00:00,59,Balanced,49.0,Little,38.0,Mixed,Organised,55.0,Normal,39.0,Normal,43.0,Normal,Free Form,53,Medium,62.0,Press,37.0,Normal,Cover,45.666666666666664,50.666666666666664,48.166666666666664
474,25,8358,2014-09-19 00:00:00,39,Balanced,58.0,Normal,48.0,Mixed,Organised,55.0,Normal,33.0,Little,44.0,Normal,Free Form,59,Medium,60.0,Press,39.0,Normal,Cover,44.0,52.666666666666664,48.33333333333333
475,25,8358,2015-09-10 00:00:00,59,Balanced,54.0,Normal,38.0,Mixed,Organised,55.0,Normal,44.0,Normal,45.0,Normal,Free Form,53,Medium,62.0,Press,30.5,Narrow,Cover,48.0,48.5,48.25
476,111657,9891,2010-02-22 00:00:00,30,Slow,49.0,Little,30.0,Short,Organised,30.0,Safe,45.0,Normal,65.0,Normal,Organised,30,Deep,30.0,Contain,65.0,Normal,Offside Trap,46.666666666666664,41.666666666666664,44.166666666666664
477,111657,9891,2011-02-22 00:00:00,70,Fast,49.0,Little,48.0,Mixed,Organised,46.0,Normal,45.0,Normal,65.0,Normal,Organised,61,Medium,67.0,Double,65.0,Normal,Offside Trap,52.0,64.33333333333333,58.166666666666664
478,111657,9891,2015-09-10 00:00:00,63,Balanced,48.0,Normal,46.0,Mixed,Organised,51.0,Normal,50.0,Normal,50.0,Normal,Organised,55,Medium,57.0,Press,47.0,Normal,Cover,50.333333333333336,53.0,51.66666666666667
479,144,9879,2010-02-22 00:00:00,60,Balanced,49.0,Little,70.0,Long,Organised,70.0,Risky,70.0,Lots,50.0,Normal,Organised,40,Medium,35.0,Press,40.0,Normal,Cover,63.333333333333336,38.333333333333336,50.833333333333336
480,144,9879,2011-02-22 00:00:00,50,Balanced,49.0,Little,55.0,Mixed,Organised,45.0,Normal,55.0,Normal,40.0,Normal,Organised,45,Medium,35.0,Press,50.0,Normal,Cover,46.666666666666664,43.333333333333336,45.0
481,144,9879,2012-02-22 00:00:00,48,Balanced,49.0,Little,45.0,Mixed,Organised,38.0,Normal,62.0,Normal,54.0,Normal,Organised,38,Medium,38.0,Press,62.0,Normal,Cover,51.333333333333336,46.0,48.66666666666667
482,144,9879,2013-09-20 00:00:00,52,Balanced,49.0,Little,49.0,Mixed,Organised,49.0,Normal,56.0,Normal,59.0,Normal,Organised,39,Medium,39.0,Press,57.0,Normal,Cover,54.666666666666664,45.0,49.83333333333333
483,144,9879,2014-09-19 00:00:00,52,Balanced,34.0,Normal,56.0,Mixed,Organised,58.0,Normal,41.0,Normal,54.0,Normal,Organised,29,Deep,28.0,Contain,39.0,Normal,Cover,51.0,32.0,41.5
484,144,9879,2015-09-10 00:00:00,52,Balanced,34.0,Normal,48.0,Mixed,Organised,39.0,Normal,54.0,Normal,59.0,Normal,Organised,29,Deep,30.0,Contain,39.0,Normal,Cover,50.666666666666664,32.666666666666664,41.666666666666664
485,673,9987,2010-02-22 00:00:00,45,Balanced,49.0,Little,45.0,Mixed,Organised,50.0,Normal,35.0,Normal,60.0,Normal,Organised,69,High,65.0,Press,70.0,Wide,Cover,48.333333333333336,68.0,58.16666666666667
486,673,9987,2011-02-22 00:00:00,66,Balanced,49.0,Little,52.0,Mixed,Organised,65.0,Normal,66.0,Normal,51.0,Normal,Organised,48,Medium,47.0,Press,54.0,Normal,Offside Trap,60.666666666666664,49.666666666666664,55.166666666666664
487,673,9987,2012-02-22 00:00:00,53,Balanced,49.0,Little,55.0,Mixed,Organised,55.0,Normal,48.0,Normal,56.0,Normal,Organised,47,Medium,45.0,Press,55.0,Normal,Cover,53.0,49.0,51.0
488,673,9987,2013-09-20 00:00:00,58,Balanced,49.0,Little,38.0,Mixed,Organised,67.0,Risky,48.0,Normal,56.0,Normal,Organised,47,Medium,45.0,Press,55.0,Normal,Cover,57.0,49.0,53.0
489,673,9987,2014-09-19 00:00:00,58,Balanced,52.0,Normal,38.0,Mixed,Organised,67.0,Risky,48.0,Normal,56.0,Normal,Organised,47,Medium,45.0,Press,55.0,Normal,Cover,57.0,49.0,53.0
490,673,9987,2015-09-10 00:00:00,58,Balanced,52.0,Normal,38.0,Mixed,Organised,30.0,Safe,69.0,Lots,56.0,Normal,Organised,36,Medium,57.0,Press,70.0,Wide,Cover,51.666666666666664,54.333333333333336,53.0
491,110556,10233,2010-02-22 00:00:00,70,Fast,49.0,Little,50.0,Mixed,Organised,70.0,Risky,40.0,Normal,65.0,Normal,Organised,40,Medium,65.0,Press,30.5,Narrow,Cover,58.333333333333336,45.166666666666664,51.75
492,110556,10233,2011-02-22 00:00:00,65,Balanced,49.0,Little,35.0,Mixed,Organised,50.0,Normal,50.0,Normal,50.0,Normal,Free Form,54,Medium,65.0,Press,35.0,Normal,Cover,50.0,51.333333333333336,50.66666666666667
493,110556,10233,2012-02-22 00:00:00,50,Balanced,49.0,Little,50.0,Mixed,Organised,50.0,Normal,50.0,Normal,50.0,Normal,Organised,45,Medium,45.0,Press,50.0,Normal,Cover,50.0,46.666666666666664,48.33333333333333
494,110556,10233,2013-09-20 00:00:00,64,Balanced,49.0,Little,38.0,Mixed,Organised,66.0,Normal,67.0,Lots,49.0,Normal,Organised,46,Medium,47.0,Press,53.0,Normal,Offside Trap,60.666666666666664,48.666666666666664,54.666666666666664
495,110556,10233,2014-09-19 00:00:00,64,Balanced,52.0,Normal,68.0,Long,Organised,66.0,Normal,53.0,Normal,49.0,Normal,Organised,23,Deep,47.0,Press,53.0,Normal,Cover,56.0,41.0,48.5
496,110556,10233,2015-09-10 00:00:00,64,Balanced,52.0,Normal,68.0,Long,Organised,66.0,Normal,45.0,Normal,28.5,Little,Organised,27,Deep,47.0,Press,53.0,Normal,Cover,46.5,42.333333333333336,44.41666666666667
497,674,9991,2010-02-22 00:00:00,70,Fast,49.0,Little,65.0,Mixed,Organised,60.0,Normal,50.0,Normal,60.0,Normal,Organised,45,Medium,50.0,Press,40.0,Normal,Cover,56.666666666666664,45.0,50.83333333333333
498,674,9991,2011-02-22 00:00:00,55,Balanced,49.0,Little,55.0,Mixed,Organised,54.0,Normal,74.0,Lots,56.0,Normal,Organised,61,Medium,39.0,Press,38.0,Normal,Cover,61.333333333333336,46.0,53.66666666666667
499,674,9991,2012-02-22 00:00:00,50,Balanced,49.0,Little,47.0,Mixed,Organised,55.0,Normal,66.0,Normal,47.0,Normal,Organised,48,Medium,45.0,Press,52.0,Normal,Cover,56.0,48.333333333333336,52.16666666666667
500,674,9991,2013-09-20 00:00:00,50,Balanced,49.0,Little,37.0,Mixed,Organised,28.0,Safe,66.0,Normal,34.0,Normal,Free Form,50,Medium,53.0,Press,40.0,Normal,Cover,42.666666666666664,47.666666666666664,45.166666666666664
501,674,9991,2014-09-19 00:00:00,50,Balanced,55.0,Normal,37.0,Mixed,Organised,28.0,Safe,66.0,Normal,34.0,Normal,Organised,55,Medium,59.0,Press,52.0,Normal,Cover,42.666666666666664,55.333333333333336,49.0
502,674,9991,2015-09-10 00:00:00,50,Balanced,55.0,Normal,37.0,Mixed,Organised,42.0,Normal,66.0,Normal,34.0,Normal,Organised,49,Medium,54.0,Press,52.0,Normal,Cover,47.333333333333336,51.666666666666664,49.5
503,1860,8305,2010-02-22 00:00:00,30,Slow,49.0,Little,35.0,Mixed,Organised,35.0,Normal,50.0,Normal,70.0,Lots,Free Form,40,Medium,30.0,Contain,50.0,Normal,Offside Trap,51.666666666666664,40.0,45.83333333333333
504,1860,8305,2011-02-22 00:00:00,54,Balanced,49.0,Little,45.0,Mixed,Organised,38.0,Normal,54.0,Normal,57.0,Normal,Organised,59,Medium,39.0,Press,66.0,Normal,Cover,49.666666666666664,54.666666666666664,52.166666666666664
505,1860,8305,2012-02-22 00:00:00,25,Slow,49.0,Little,40.0,Mixed,Organised,58.0,Normal,42.0,Normal,52.0,Normal,Organised,49,Medium,45.0,Press,47.0,Normal,Cover,50.666666666666664,47.0,48.83333333333333
506,1860,8305,2013-09-20 00:00:00,29,Slow,49.0,Little,40.0,Mixed,Organised,58.0,Normal,42.0,Normal,52.0,Normal,Organised,49,Medium,45.0,Press,47.0,Normal,Cover,50.666666666666664,47.0,48.83333333333333
507,1860,8305,2014-09-19 00:00:00,35,Balanced,42.0,Normal,40.0,Mixed,Organised,58.0,Normal,42.0,Normal,52.0,Normal,Organised,49,Medium,45.0,Press,47.0,Normal,Cover,50.666666666666664,47.0,48.83333333333333
508,1860,8305,2015-09-10 00:00:00,34,Balanced,41.0,Normal,38.0,Mixed,Organised,55.0,Normal,39.0,Normal,49.0,Normal,Organised,43,Medium,42.0,Press,49.0,Normal,Cover,47.666666666666664,44.666666666666664,46.166666666666664
509,110316,6391,2013-09-20 00:00:00,61,Balanced,49.0,Little,52.0,Mixed,Organised,55.0,Normal,66.0,Normal,58.0,Normal,Organised,47,Medium,46.0,Press,53.0,Normal,Cover,59.666666666666664,48.666666666666664,54.166666666666664
510,110316,6391,2015-09-10 00:00:00,48,Balanced,53.0,Normal,52.0,Mixed,Organised,55.0,Normal,53.0,Normal,55.0,Normal,Organised,42,Medium,46.0,Press,53.0,Normal,Cover,54.333333333333336,47.0,50.66666666666667
511,1888,9764,2012-02-22 00:00:00,46,Balanced,49.0,Little,41.0,Mixed,Organised,54.0,Normal,52.0,Normal,46.0,Normal,Organised,39,Medium,57.0,Press,53.0,Normal,Cover,50.666666666666664,49.666666666666664,50.166666666666664
512,1888,9764,2013-09-20 00:00:00,46,Balanced,49.0,Little,41.0,Mixed,Organised,54.0,Normal,52.0,Normal,46.0,Normal,Organised,39,Medium,57.0,Press,53.0,Normal,Cover,50.666666666666664,49.666666666666664,50.166666666666664
513,1888,9764,2014-09-19 00:00:00,65,Balanced,67.0,Lots,41.0,Mixed,Organised,54.0,Normal,47.0,Normal,46.0,Normal,Free Form,39,Medium,40.0,Press,53.0,Normal,Cover,49.0,44.0,46.5
514,1888,9764,2015-09-10 00:00:00,68,Fast,67.0,Lots,41.0,Mixed,Organised,54.0,Normal,47.0,Normal,46.0,Normal,Free Form,39,Medium,40.0,Press,53.0,Normal,Cover,49.0,44.0,46.5
515,110744,8569,2010-02-22 00:00:00,30,Slow,49.0,Little,50.0,Mixed,Organised,45.0,Normal,40.0,Normal,70.0,Lots,Organised,65,Medium,70.0,Double,65.0,Normal,Cover,51.666666666666664,66.66666666666667,59.16666666666667
516,110744,8569,2011-02-22 00:00:00,47,Balanced,49.0,Little,27.0,Short,Organised,45.0,Normal,51.0,Normal,54.0,Normal,Organised,48,Medium,60.0,Press,37.0,Normal,Cover,50.0,48.333333333333336,49.16666666666667
517,110744,8569,2012-02-22 00:00:00,52,Balanced,49.0,Little,67.0,Long,Organised,52.0,Normal,73.0,Lots,50.0,Normal,Organised,47,Medium,45.0,Press,35.0,Normal,Cover,58.333333333333336,42.333333333333336,50.333333333333336
518,110744,8569,2013-09-20 00:00:00,52,Balanced,49.0,Little,43.0,Mixed,Organised,52.0,Normal,37.0,Normal,50.0,Normal,Organised,47,Medium,45.0,Press,40.0,Normal,Cover,46.333333333333336,44.0,45.16666666666667
519,110744,8569,2015-09-10 00:00:00,52,Balanced,48.0,Normal,43.0,Mixed,Organised,52.0,Normal,37.0,Normal,50.0,Normal,Organised,47,Medium,45.0,Press,40.0,Normal,Cover,46.333333333333336,44.0,45.16666666666667
520,100632,6433,2014-09-19 00:00:00,55,Balanced,47.0,Normal,42.0,Mixed,Organised,37.0,Normal,42.0,Normal,53.0,Normal,Organised,43,Medium,47.0,Press,51.0,Normal,Cover,44.0,47.0,45.5
521,100632,6433,2015-09-10 00:00:00,58,Balanced,38.0,Normal,64.0,Mixed,Organised,37.0,Normal,42.0,Normal,52.0,Normal,Organised,43,Medium,47.0,Press,51.0,Normal,Cover,43.666666666666664,47.0,45.33333333333333
522,110565,8019,2015-09-10 00:00:00,41,Balanced,40.0,Normal,59.0,Mixed,Organised,41.0,Normal,44.0,Normal,54.0,Normal,Organised,52,Medium,47.0,Press,50.0,Normal,Cover,46.333333333333336,49.666666666666664,48.0
523,111429,8020,2010-02-22 00:00:00,30,Slow,49.0,Little,50.0,Mixed,Organised,45.0,Normal,35.0,Normal,70.0,Lots,Organised,60,Medium,70.0,Double,55.0,Normal,Cover,50.0,61.666666666666664,55.83333333333333
524,111429,8020,2011-02-22 00:00:00,46,Balanced,49.0,Little,38.0,Mixed,Organised,36.0,Normal,33.0,Little,53.0,Normal,Organised,53,Medium,54.0,Press,55.0,Normal,Cover,40.666666666666664,54.0,47.33333333333333
525,110832,7878,2011-02-22 00:00:00,53,Balanced,49.0,Little,52.0,Mixed,Organised,54.0,Normal,59.0,Normal,55.0,Normal,Organised,54,Medium,49.0,Press,67.0,Wide,Cover,56.0,56.666666666666664,56.33333333333333
526,110832,7878,2012-02-22 00:00:00,48,Balanced,49.0,Little,37.0,Mixed,Organised,72.0,Risky,76.0,Lots,52.0,Normal,Organised,49,Medium,45.0,Press,68.0,Wide,Cover,66.66666666666667,54.0,60.333333333333336
527,110832,7878,2013-09-20 00:00:00,52,Balanced,49.0,Little,37.0,Mixed,Organised,72.0,Risky,76.0,Lots,52.0,Normal,Organised,49,Medium,45.0,Press,68.0,Wide,Cover,66.66666666666667,54.0,60.333333333333336
528,110832,7878,2014-09-19 00:00:00,52,Balanced,62.0,Normal,37.0,Mixed,Organised,67.0,Risky,68.0,Lots,52.0,Normal,Organised,49,Medium,45.0,Press,64.0,Normal,Cover,62.333333333333336,52.666666666666664,57.5
529,110832,7878,2015-09-10 00:00:00,57,Balanced,50.0,Normal,59.0,Mixed,Organised,61.0,Normal,63.0,Normal,51.0,Normal,Organised,48,Medium,45.0,Press,62.0,Normal,Cover,58.333333333333336,51.666666666666664,55.0
530,322,9956,2010-02-22 00:00:00,30,Slow,49.0,Little,50.0,Mixed,Organised,55.0,Normal,70.0,Lots,55.0,Normal,Organised,40,Medium,60.0,Press,60.0,Normal,Cover,60.0,53.333333333333336,56.66666666666667
531,322,9956,2011-02-22 00:00:00,67,Fast,49.0,Little,53.0,Mixed,Organised,55.0,Normal,66.0,Normal,63.0,Normal,Organised,43,Medium,48.0,Press,62.0,Normal,Cover,61.333333333333336,51.0,56.16666666666667
532,322,9956,2012-02-22 00:00:00,50,Balanced,49.0,Little,54.0,Mixed,Organised,52.0,Normal,54.0,Normal,46.0,Normal,Organised,36,Medium,43.0,Press,47.0,Normal,Cover,50.666666666666664,42.0,46.33333333333333
533,322,9956,2013-09-20 00:00:00,50,Balanced,49.0,Little,54.0,Mixed,Organised,52.0,Normal,54.0,Normal,46.0,Normal,Organised,36,Medium,43.0,Press,47.0,Normal,Cover,50.666666666666664,42.0,46.33333333333333
534,322,9956,2014-09-19 00:00:00,50,Balanced,60.0,Normal,54.0,Mixed,Organised,52.0,Normal,54.0,Normal,46.0,Normal,Organised,36,Medium,43.0,Press,47.0,Normal,Cover,50.666666666666664,42.0,46.33333333333333
535,322,9956,2015-09-10 00:00:00,50,Balanced,60.0,Normal,54.0,Mixed,Organised,52.0,Normal,54.0,Normal,46.0,Normal,Organised,36,Medium,43.0,Press,47.0,Normal,Cover,50.666666666666664,42.0,46.33333333333333
536,1805,9855,2010-02-22 00:00:00,70,Fast,49.0,Little,70.0,Long,Organised,65.0,Normal,60.0,Normal,70.0,Lots,Organised,69,High,55.0,Press,70.0,Wide,Cover,65.0,64.66666666666667,64.83333333333334
537,1805,9855,2011-02-22 00:00:00,50,Balanced,49.0,Little,50.0,Mixed,Organised,50.0,Normal,50.0,Normal,50.0,Normal,Organised,45,Medium,45.0,Press,50.0,Normal,Cover,50.0,46.666666666666664,48.33333333333333
538,165,8357,2010-02-22 00:00:00,55,Balanced,49.0,Little,45.0,Mixed,Organised,30.0,Safe,70.0,Lots,70.0,Lots,Organised,40,Medium,55.0,Press,60.0,Normal,Cover,56.666666666666664,51.666666666666664,54.166666666666664
539,165,8357,2011-02-22 00:00:00,59,Balanced,49.0,Little,40.0,Mixed,Organised,56.0,Normal,54.0,Normal,48.0,Normal,Organised,59,Medium,46.0,Press,53.0,Normal,Cover,52.666666666666664,52.666666666666664,52.666666666666664
540,165,8357,2012-02-22 00:00:00,68,Fast,49.0,Little,45.0,Mixed,Organised,54.0,Normal,44.0,Normal,43.0,Normal,Organised,48,Medium,56.0,Press,66.0,Normal,Cover,47.0,56.666666666666664,51.83333333333333
541,165,8357,2013-09-20 00:00:00,57,Balanced,49.0,Little,53.0,Mixed,Organised,54.0,Normal,49.0,Normal,46.0,Normal,Organised,36,Medium,56.0,Press,33.0,Narrow,Cover,49.666666666666664,41.666666666666664,45.666666666666664
542,165,8357,2014-09-19 00:00:00,66,Balanced,60.0,Normal,38.0,Mixed,Organised,56.0,Normal,40.0,Normal,52.0,Normal,Organised,49,Medium,48.0,Press,62.0,Normal,Cover,49.333333333333336,53.0,51.16666666666667
543,165,8357,2015-09-10 00:00:00,54,Balanced,60.0,Normal,53.0,Mixed,Organised,54.0,Normal,49.0,Normal,46.0,Normal,Organised,48,Medium,56.0,Press,66.0,Normal,Cover,49.666666666666664,56.666666666666664,53.166666666666664
544,62,9747,2010-02-22 00:00:00,35,Balanced,49.0,Little,30.0,Short,Organised,45.0,Normal,55.0,Normal,70.0,Lots,Organised,30,Deep,65.0,Press,30.5,Narrow,Offside Trap,56.666666666666664,41.833333333333336,49.25
545,62,9747,2012-02-22 00:00:00,52,Balanced,49.0,Little,48.0,Mixed,Organised,53.0,Normal,49.0,Normal,48.0,Normal,Organised,33,Deep,43.0,Press,49.0,Normal,Cover,50.0,41.666666666666664,45.83333333333333
546,62,9747,2013-09-20 00:00:00,52,Balanced,49.0,Little,48.0,Mixed,Organised,53.0,Normal,49.0,Normal,59.0,Normal,Organised,46,Medium,43.0,Press,49.0,Normal,Cover,53.666666666666664,46.0,49.83333333333333
547,62,9747,2014-09-19 00:00:00,63,Balanced,58.0,Normal,48.0,Mixed,Organised,53.0,Normal,49.0,Normal,48.0,Normal,Organised,43,Medium,47.0,Press,49.0,Normal,Cover,50.0,46.333333333333336,48.16666666666667
548,62,9747,2015-09-10 00:00:00,63,Balanced,37.0,Normal,58.0,Mixed,Organised,42.0,Normal,56.0,Normal,36.0,Normal,Organised,49,Medium,47.0,Press,49.0,Normal,Cover,44.666666666666664,48.333333333333336,46.5
549,28,9790,2010-02-22 00:00:00,70,Fast,49.0,Little,60.0,Mixed,Organised,70.0,Risky,60.0,Normal,70.0,Lots,Organised,69,High,45.0,Press,60.0,Normal,Cover,66.66666666666667,58.0,62.333333333333336
550,28,9790,2011-02-22 00:00:00,52,Balanced,49.0,Little,29.0,Short,Organised,61.0,Normal,58.0,Normal,54.0,Normal,Organised,60,Medium,55.0,Press,52.0,Normal,Cover,57.666666666666664,55.666666666666664,56.666666666666664
551,28,9790,2012-02-22 00:00:00,46,Balanced,49.0,Little,40.0,Mixed,Organised,60.0,Normal,55.0,Normal,39.0,Normal,Organised,55,Medium,47.0,Press,48.0,Normal,Cover,51.333333333333336,50.0,50.66666666666667
552,28,9790,2013-09-20 00:00:00,34,Balanced,49.0,Little,38.0,Mixed,Organised,34.0,Normal,59.0,Normal,48.0,Normal,Organised,45,Medium,35.0,Press,58.0,Normal,Cover,47.0,46.0,46.5
553,28,9790,2014-09-19 00:00:00,45,Balanced,61.0,Normal,58.0,Mixed,Organised,60.0,Normal,73.0,Lots,62.0,Normal,Organised,45,Medium,32.0,Contain,63.0,Normal,Cover,65.0,46.666666666666664,55.83333333333333
554,28,9790,2015-09-10 00:00:00,42,Balanced,56.0,Normal,52.0,Mixed,Organised,62.0,Normal,58.0,Normal,47.0,Normal,Organised,44,Medium,41.0,Press,49.0,Normal,Cover,55.666666666666664,44.666666666666664,50.166666666666664
555,184,8429,2010-02-22 00:00:00,70,Fast,49.0,Little,70.0,Long,Organised,70.0,Risky,70.0,Lots,60.0,Normal,Organised,60,Medium,65.0,Press,70.0,Wide,Cover,66.66666666666667,65.0,65.83333333333334
556,184,8429,2011-02-22 00:00:00,66,Balanced,49.0,Little,52.0,Mixed,Organised,52.0,Normal,53.0,Normal,34.0,Normal,Organised,46,Medium,47.0,Press,52.0,Normal,Cover,46.333333333333336,48.333333333333336,47.333333333333336
557,184,8429,2015-09-10 00:00:00,48,Balanced,48.0,Normal,47.0,Mixed,Free Form,73.0,Risky,53.0,Normal,71.0,Lots,Organised,55,Medium,48.0,Press,52.0,Normal,Cover,65.66666666666667,51.666666666666664,58.66666666666667
558,485,9904,2010-02-22 00:00:00,55,Balanced,49.0,Little,70.0,Long,Organised,65.0,Normal,45.0,Normal,65.0,Normal,Organised,69,High,70.0,Double,70.0,Wide,Cover,58.333333333333336,69.66666666666667,64.0
559,485,9904,2011-02-22 00:00:00,55,Balanced,49.0,Little,56.0,Mixed,Organised,55.0,Normal,43.0,Normal,53.0,Normal,Organised,39,Medium,37.0,Press,53.0,Normal,Cover,50.333333333333336,43.0,46.66666666666667
560,485,9904,2012-02-22 00:00:00,65,Balanced,49.0,Little,58.0,Mixed,Organised,63.0,Normal,44.0,Normal,64.0,Normal,Organised,39,Medium,45.0,Press,47.0,Normal,Cover,57.0,43.666666666666664,50.33333333333333
561,485,9904,2013-09-20 00:00:00,78,Fast,49.0,Little,58.0,Mixed,Organised,66.0,Normal,39.0,Normal,41.0,Normal,Organised,39,Medium,48.0,Press,47.0,Normal,Cover,48.666666666666664,44.666666666666664,46.666666666666664
562,485,9904,2014-09-19 00:00:00,48,Balanced,55.0,Normal,38.0,Mixed,Organised,38.0,Normal,51.0,Normal,40.0,Normal,Organised,37,Medium,48.0,Press,56.0,Normal,Cover,43.0,47.0,45.0
563,485,9904,2015-09-10 00:00:00,48,Balanced,55.0,Normal,41.0,Mixed,Organised,38.0,Normal,51.0,Normal,40.0,Normal,Organised,35,Medium,50.0,Press,61.0,Normal,Cover,43.0,48.666666666666664,45.83333333333333
564,80,9860,2010-02-22 00:00:00,70,Fast,49.0,Little,70.0,Long,Organised,70.0,Risky,70.0,Lots,70.0,Lots,Organised,60,Medium,70.0,Double,70.0,Wide,Cover,70.0,66.66666666666667,68.33333333333334
565,80,9860,2011-02-22 00:00:00,66,Balanced,49.0,Little,53.0,Mixed,Organised,53.0,Normal,68.0,Lots,66.0,Normal,Organised,56,Medium,68.0,Double,66.0,Normal,Cover,62.333333333333336,63.333333333333336,62.833333333333336
566,80,9860,2012-02-22 00:00:00,55,Balanced,49.0,Little,62.0,Mixed,Organised,55.0,Normal,60.0,Normal,60.0,Normal,Organised,50,Medium,52.0,Press,57.0,Normal,Cover,58.333333333333336,53.0,55.66666666666667
567,80,9860,2013-09-20 00:00:00,52,Balanced,49.0,Little,53.0,Mixed,Organised,59.0,Normal,60.0,Normal,64.0,Normal,Organised,52,Medium,53.0,Press,57.0,Normal,Cover,61.0,54.0,57.5
568,80,9860,2014-09-19 00:00:00,55,Balanced,51.0,Normal,62.0,Mixed,Organised,55.0,Normal,61.0,Normal,60.0,Normal,Organised,49,Medium,52.0,Press,57.0,Normal,Cover,58.666666666666664,52.666666666666664,55.666666666666664
569,100634,9791,2010-02-22 00:00:00,30,Slow,49.0,Little,45.0,Mixed,Organised,31.0,Safe,43.0,Normal,59.0,Normal,Organised,30,Deep,30.0,Contain,30.5,Narrow,Cover,44.333333333333336,30.166666666666668,37.25
570,100634,9791,2011-02-22 00:00:00,69,Fast,49.0,Little,45.0,Mixed,Organised,40.0,Normal,70.0,Lots,45.0,Normal,Organised,36,Medium,66.0,Press,34.0,Normal,Cover,51.666666666666664,45.333333333333336,48.5
571,100634,9791,2012-02-22 00:00:00,43,Balanced,49.0,Little,27.0,Short,Organised,55.0,Normal,58.0,Normal,60.0,Normal,Organised,33,Deep,43.0,Press,47.0,Normal,Cover,57.666666666666664,41.0,49.33333333333333
572,100634,9791,2013-09-20 00:00:00,39,Balanced,49.0,Little,32.0,Short,Organised,40.0,Normal,42.0,Normal,66.0,Normal,Free Form,47,Medium,43.0,Press,47.0,Normal,Cover,49.333333333333336,45.666666666666664,47.5
573,100634,9791,2014-09-19 00:00:00,46,Balanced,55.0,Normal,32.0,Short,Organised,48.0,Normal,58.0,Normal,59.0,Normal,Organised,60,Medium,62.0,Press,47.0,Normal,Cover,55.0,56.333333333333336,55.66666666666667
574,100634,9791,2015-09-10 00:00:00,50,Balanced,36.0,Normal,61.0,Mixed,Organised,48.0,Normal,58.0,Normal,59.0,Normal,Organised,60,Medium,62.0,Press,47.0,Normal,Cover,55.0,56.333333333333336,55.66666666666667
575,100879,10278,2010-02-22 00:00:00,40,Balanced,49.0,Little,30.0,Short,Organised,50.0,Normal,35.0,Normal,70.0,Lots,Organised,35,Medium,35.0,Press,50.0,Normal,Cover,51.666666666666664,40.0,45.83333333333333
576,100879,10278,2011-02-22 00:00:00,54,Balanced,49.0,Little,55.0,Mixed,Organised,53.0,Normal,40.0,Normal,59.0,Normal,Organised,48,Medium,58.0,Press,53.0,Normal,Cover,50.666666666666664,53.0,51.83333333333333
577,100879,10278,2012-02-22 00:00:00,53,Balanced,49.0,Little,54.0,Mixed,Organised,60.0,Normal,58.0,Normal,60.0,Normal,Organised,50,Medium,52.0,Press,58.0,Normal,Cover,59.333333333333336,53.333333333333336,56.333333333333336
578,100879,10278,2013-09-20 00:00:00,53,Balanced,49.0,Little,54.0,Mixed,Organised,60.0,Normal,58.0,Normal,60.0,Normal,Organised,50,Medium,52.0,Press,58.0,Normal,Cover,59.333333333333336,53.333333333333336,56.333333333333336
579,100879,10278,2014-09-19 00:00:00,53,Balanced,47.0,Normal,54.0,Mixed,Organised,60.0,Normal,58.0,Normal,60.0,Normal,Organised,50,Medium,52.0,Press,58.0,Normal,Cover,59.333333333333336,53.333333333333336,56.333333333333336
580,166,8177,2010-02-22 00:00:00,60,Balanced,49.0,Little,50.0,Mixed,Organised,45.0,Normal,55.0,Normal,55.0,Normal,Organised,55,Medium,30.0,Contain,55.0,Normal,Cover,51.666666666666664,46.666666666666664,49.166666666666664
581,166,8177,2011-02-22 00:00:00,59,Balanced,49.0,Little,43.0,Mixed,Organised,56.0,Normal,50.0,Normal,66.0,Normal,Organised,50,Medium,43.0,Press,55.0,Normal,Cover,57.333333333333336,49.333333333333336,53.333333333333336
582,166,8177,2012-02-22 00:00:00,48,Balanced,49.0,Little,45.0,Mixed,Organised,45.0,Normal,51.0,Normal,46.0,Normal,Organised,50,Medium,50.0,Press,55.0,Normal,Cover,47.333333333333336,51.666666666666664,49.5
583,166,8177,2013-09-20 00:00:00,40,Balanced,49.0,Little,55.0,Mixed,Organised,63.0,Normal,46.0,Normal,63.0,Normal,Organised,50,Medium,38.0,Press,55.0,Normal,Cover,57.333333333333336,47.666666666666664,52.5
584,166,8177,2014-09-19 00:00:00,68,Fast,52.0,Normal,55.0,Mixed,Organised,51.0,Normal,59.0,Normal,59.0,Normal,Organised,41,Medium,60.0,Press,51.0,Normal,Cover,56.333333333333336,50.666666666666664,53.5
585,166,8177,2015-09-10 00:00:00,47,Balanced,44.0,Normal,55.0,Mixed,Organised,59.0,Normal,68.0,Lots,45.0,Normal,Organised,50,Medium,45.0,Press,57.0,Normal,Cover,57.333333333333336,50.666666666666664,54.0
586,81,10251,2010-02-22 00:00:00,70,Fast,49.0,Little,70.0,Long,Organised,60.0,Normal,70.0,Lots,70.0,Lots,Organised,60,Medium,70.0,Double,70.0,Wide,Cover,66.66666666666667,66.66666666666667,66.66666666666667
587,81,10251,2011-02-22 00:00:00,48,Balanced,49.0,Little,51.0,Mixed,Organised,52.0,Normal,64.0,Normal,52.0,Normal,Organised,47,Medium,47.0,Press,51.0,Normal,Cover,56.0,48.333333333333336,52.16666666666667
588,81,10251,2012-02-22 00:00:00,55,Balanced,49.0,Little,44.0,Mixed,Organised,46.0,Normal,48.0,Normal,44.0,Normal,Organised,42,Medium,40.0,Press,40.0,Normal,Cover,46.0,40.666666666666664,43.33333333333333
589,81,10251,2013-09-20 00:00:00,60,Balanced,49.0,Little,46.0,Mixed,Organised,58.0,Normal,48.0,Normal,44.0,Normal,Organised,47,Medium,46.0,Press,60.0,Normal,Cover,50.0,51.0,50.5
590,81,10251,2014-09-19 00:00:00,55,Balanced,49.0,Normal,44.0,Mixed,Organised,47.0,Normal,43.0,Normal,49.0,Normal,Organised,43,Medium,41.0,Press,40.0,Normal,Cover,46.333333333333336,41.333333333333336,43.833333333333336
591,10029,8226,2010-02-22 00:00:00,70,Fast,49.0,Little,30.0,Short,Organised,70.0,Risky,55.0,Normal,55.0,Normal,Organised,65,Medium,70.0,Double,65.0,Normal,Offside Trap,60.0,66.66666666666667,63.333333333333336
592,10029,8226,2011-02-22 00:00:00,75,Fast,49.0,Little,35.0,Mixed,Organised,72.0,Risky,51.0,Normal,68.0,Lots,Free Form,68,High,50.0,Press,52.0,Normal,Cover,63.666666666666664,56.666666666666664,60.166666666666664
593,10029,8226,2012-02-22 00:00:00,61,Balanced,49.0,Little,53.0,Mixed,Organised,42.0,Normal,62.0,Normal,54.0,Normal,Organised,47,Medium,59.0,Press,40.0,Normal,Cover,52.666666666666664,48.666666666666664,50.666666666666664
594,10029,8226,2013-09-20 00:00:00,32,Slow,49.0,Little,53.0,Mixed,Organised,36.0,Normal,62.0,Normal,64.0,Normal,Organised,47,Medium,52.0,Press,45.0,Normal,Cover,54.0,48.0,51.0
595,10029,8226,2014-09-19 00:00:00,68,Fast,49.0,Normal,63.0,Mixed,Organised,68.0,Risky,38.0,Normal,55.0,Normal,Free Form,56,Medium,57.0,Press,54.0,Normal,Cover,53.666666666666664,55.666666666666664,54.666666666666664
596,10029,8226,2015-09-10 00:00:00,69,Fast,49.0,Normal,53.0,Mixed,Organised,66.0,Normal,62.0,Normal,59.0,Normal,Organised,63,Medium,61.0,Press,38.0,Normal,Cover,62.333333333333336,54.0,58.16666666666667
597,1952,8667,2010-02-22 00:00:00,65,Balanced,49.0,Little,60.0,Mixed,Organised,70.0,Risky,70.0,Lots,55.0,Normal,Organised,69,High,70.0,Double,70.0,Wide,Cover,65.0,69.66666666666667,67.33333333333334
598,1952,8667,2011-02-22 00:00:00,49,Balanced,49.0,Little,52.0,Mixed,Organised,64.0,Normal,64.0,Normal,37.0,Normal,Organised,46,Medium,46.0,Press,67.0,Wide,Cover,55.0,53.0,54.0
599,1952,8667,2012-02-22 00:00:00,61,Balanced,49.0,Little,48.0,Mixed,Organised,38.0,Normal,60.0,Normal,54.0,Normal,Organised,38,Medium,42.0,Press,46.0,Normal,Cover,50.666666666666664,42.0,46.33333333333333
600,1952,8667,2013-09-20 00:00:00,63,Balanced,49.0,Little,48.0,Mixed,Organised,38.0,Normal,60.0,Normal,54.0,Normal,Organised,34,Medium,37.0,Press,46.0,Normal,Cover,50.666666666666664,39.0,44.83333333333333
601,1952,8667,2014-09-19 00:00:00,56,Balanced,35.0,Normal,51.0,Mixed,Organised,54.0,Normal,60.0,Normal,48.0,Normal,Organised,38,Medium,37.0,Press,46.0,Normal,Cover,54.0,40.333333333333336,47.16666666666667
602,1952,8667,2015-09-10 00:00:00,56,Balanced,40.0,Normal,55.0,Mixed,Organised,54.0,Normal,49.0,Normal,56.0,Normal,Organised,38,Medium,37.0,Press,46.0,Normal,Cover,53.0,40.333333333333336,46.66666666666667
603,111239,8234,2011-02-22 00:00:00,47,Balanced,49.0,Little,54.0,Mixed,Organised,54.0,Normal,51.0,Normal,46.0,Normal,Organised,37,Medium,50.0,Press,53.0,Normal,Cover,50.333333333333336,46.666666666666664,48.5
604,111239,8234,2012-02-22 00:00:00,55,Balanced,49.0,Little,46.0,Mixed,Organised,47.0,Normal,53.0,Normal,51.0,Normal,Organised,33,Deep,42.0,Press,49.0,Normal,Cover,50.333333333333336,41.333333333333336,45.833333333333336
605,111239,8234,2013-09-20 00:00:00,55,Balanced,49.0,Little,46.0,Mixed,Organised,47.0,Normal,53.0,Normal,51.0,Normal,Organised,33,Deep,42.0,Press,49.0,Normal,Cover,50.333333333333336,41.333333333333336,45.833333333333336
606,111239,8234,2014-09-19 00:00:00,54,Balanced,59.0,Normal,47.0,Mixed,Organised,53.0,Normal,33.0,Little,52.0,Normal,Organised,42,Medium,36.0,Press,49.0,Normal,Cover,46.0,42.333333333333336,44.16666666666667
607,111239,8234,2015-09-10 00:00:00,55,Balanced,51.0,Normal,46.0,Mixed,Organised,47.0,Normal,53.0,Normal,51.0,Normal,Organised,37,Medium,48.0,Press,49.0,Normal,Cover,50.333333333333336,44.666666666666664,47.5
608,44,8636,2010-02-22 00:00:00,55,Balanced,49.0,Little,55.0,Mixed,Free Form,50.0,Normal,55.0,Normal,70.0,Lots,Organised,50,Medium,60.0,Press,55.0,Normal,Cover,58.333333333333336,55.0,56.66666666666667
609,44,8636,2011-02-22 00:00:00,55,Balanced,49.0,Little,50.0,Mixed,Free Form,50.0,Normal,55.0,Normal,65.0,Normal,Organised,50,Medium,60.0,Press,55.0,Normal,Cover,56.666666666666664,55.0,55.83333333333333
610,44,8636,2012-02-22 00:00:00,45,Balanced,49.0,Little,50.0,Mixed,Organised,65.0,Normal,50.0,Normal,65.0,Normal,Organised,35,Medium,55.0,Press,35.0,Normal,Cover,60.0,41.666666666666664,50.83333333333333
611,44,8636,2013-09-20 00:00:00,67,Fast,49.0,Little,67.0,Long,Organised,68.0,Risky,52.0,Normal,66.0,Normal,Free Form,36,Medium,57.0,Press,38.0,Normal,Cover,62.0,43.666666666666664,52.83333333333333
612,44,8636,2014-09-19 00:00:00,67,Fast,48.0,Normal,67.0,Long,Organised,68.0,Risky,69.0,Lots,66.0,Normal,Organised,23,Deep,57.0,Press,34.0,Normal,Cover,67.66666666666667,38.0,52.833333333333336
613,44,8636,2015-09-10 00:00:00,58,Balanced,69.0,Lots,54.0,Mixed,Organised,56.0,Normal,60.0,Normal,53.0,Normal,Organised,47,Medium,49.0,Press,63.0,Normal,Cover,56.333333333333336,53.0,54.66666666666667
614,620,8066,2011-02-22 00:00:00,36,Balanced,49.0,Little,67.0,Long,Organised,66.0,Normal,37.0,Normal,51.0,Normal,Organised,37,Medium,57.0,Press,36.0,Normal,Cover,51.333333333333336,43.333333333333336,47.333333333333336
615,620,8066,2012-02-22 00:00:00,61,Balanced,49.0,Little,59.0,Mixed,Organised,48.0,Normal,52.0,Normal,54.0,Normal,Organised,40,Medium,40.0,Press,46.0,Normal,Cover,51.333333333333336,42.0,46.66666666666667
616,620,8066,2013-09-20 00:00:00,35,Balanced,49.0,Little,54.0,Mixed,Organised,56.0,Normal,54.0,Normal,61.0,Normal,Organised,47,Medium,46.0,Press,46.0,Normal,Cover,57.0,46.333333333333336,51.66666666666667
617,620,8066,2014-09-19 00:00:00,61,Balanced,49.0,Normal,59.0,Mixed,Organised,50.0,Normal,57.0,Normal,55.0,Normal,Organised,43,Medium,41.0,Press,46.0,Normal,Cover,54.0,43.333333333333336,48.66666666666667
618,620,8066,2015-09-10 00:00:00,48,Balanced,47.0,Normal,32.0,Short,Organised,57.0,Normal,48.0,Normal,69.0,Lots,Free Form,44,Medium,44.0,Press,51.0,Normal,Cover,58.0,46.333333333333336,52.16666666666667
619,110745,1957,2010-02-22 00:00:00,30,Slow,49.0,Little,50.0,Mixed,Organised,45.0,Normal,35.0,Normal,70.0,Lots,Organised,69,High,70.0,Double,70.0,Wide,Cover,50.0,69.66666666666667,59.833333333333336
620,110745,1957,2011-02-22 00:00:00,33,Slow,49.0,Little,52.0,Mixed,Organised,48.0,Normal,39.0,Normal,64.0,Normal,Organised,32,Deep,56.0,Press,52.0,Normal,Cover,50.333333333333336,46.666666666666664,48.5
621,110745,1957,2012-02-22 00:00:00,58,Balanced,49.0,Little,69.0,Long,Organised,53.0,Normal,42.0,Normal,68.0,Lots,Organised,40,Medium,50.0,Press,51.0,Normal,Cover,54.333333333333336,47.0,50.66666666666667
622,110745,1957,2013-09-20 00:00:00,58,Balanced,49.0,Little,69.0,Long,Organised,53.0,Normal,42.0,Normal,68.0,Lots,Organised,40,Medium,50.0,Press,51.0,Normal,Cover,54.333333333333336,47.0,50.66666666666667
623,110745,1957,2014-09-19 00:00:00,38,Balanced,54.0,Normal,38.0,Mixed,Organised,53.0,Normal,27.0,Little,66.0,Normal,Organised,57,Medium,56.0,Press,49.0,Normal,Cover,48.666666666666664,54.0,51.33333333333333
624,110745,1957,2015-09-10 00:00:00,66,Balanced,54.0,Normal,38.0,Mixed,Organised,53.0,Normal,33.0,Little,66.0,Normal,Organised,57,Medium,56.0,Press,49.0,Normal,Cover,50.666666666666664,54.0,52.33333333333333
625,45,9885,2010-02-22 00:00:00,45,Balanced,49.0,Little,35.0,Mixed,Free Form,45.0,Normal,55.0,Normal,70.0,Lots,Free Form,50,Medium,35.0,Press,70.0,Wide,Offside Trap,56.666666666666664,51.666666666666664,54.166666666666664
626,45,9885,2011-02-22 00:00:00,65,Balanced,49.0,Little,50.0,Mixed,Organised,50.0,Normal,77.0,Lots,50.0,Normal,Organised,55,Medium,55.0,Press,35.0,Normal,Cover,59.0,48.333333333333336,53.66666666666667
627,45,9885,2012-02-22 00:00:00,50,Balanced,49.0,Little,35.0,Mixed,Organised,65.0,Normal,65.0,Normal,50.0,Normal,Organised,35,Medium,55.0,Press,35.0,Normal,Cover,60.0,41.666666666666664,50.83333333333333
628,45,9885,2013-09-20 00:00:00,39,Balanced,49.0,Little,33.0,Short,Organised,51.0,Normal,63.0,Normal,72.0,Lots,Free Form,66,Medium,67.0,Double,36.0,Normal,Cover,62.0,56.333333333333336,59.16666666666667
629,45,9885,2014-09-19 00:00:00,26,Slow,47.0,Normal,24.0,Short,Organised,64.0,Normal,53.0,Normal,72.0,Lots,Organised,23,Deep,67.0,Double,36.0,Normal,Cover,63.0,42.0,52.5
630,45,9885,2015-09-10 00:00:00,50,Balanced,35.0,Normal,20.0,Short,Organised,65.0,Normal,50.0,Normal,80.0,Lots,Organised,35,Medium,65.0,Press,35.0,Normal,Cover,65.0,45.0,55.0
631,29,8350,2010-02-22 00:00:00,45,Balanced,49.0,Little,55.0,Mixed,Organised,45.0,Normal,70.0,Lots,70.0,Lots,Organised,69,High,70.0,Double,70.0,Wide,Cover,61.666666666666664,69.66666666666667,65.66666666666667
632,29,8350,2011-02-22 00:00:00,48,Balanced,49.0,Little,42.0,Mixed,Organised,49.0,Normal,68.0,Lots,53.0,Normal,Organised,38,Medium,48.0,Press,53.0,Normal,Cover,56.666666666666664,46.333333333333336,51.5
633,29,8350,2012-02-22 00:00:00,38,Balanced,49.0,Little,54.0,Mixed,Organised,43.0,Normal,49.0,Normal,64.0,Normal,Organised,37,Medium,51.0,Press,53.0,Normal,Cover,52.0,47.0,49.5
634,29,8350,2013-09-20 00:00:00,61,Balanced,49.0,Little,54.0,Mixed,Organised,43.0,Normal,62.0,Normal,56.0,Normal,Organised,48,Medium,50.0,Press,53.0,Normal,Cover,53.666666666666664,50.333333333333336,52.0
635,29,8350,2014-09-19 00:00:00,66,Balanced,48.0,Normal,53.0,Mixed,Organised,54.0,Normal,69.0,Lots,51.0,Normal,Organised,47,Medium,47.0,Press,49.0,Normal,Cover,58.0,47.666666666666664,52.83333333333333
636,29,8350,2015-09-10 00:00:00,49,Balanced,54.0,Normal,52.0,Mixed,Organised,49.0,Normal,54.0,Normal,64.0,Normal,Organised,41,Medium,51.0,Press,53.0,Normal,Cover,55.666666666666664,48.333333333333336,52.0
637,1832,8295,2010-02-22 00:00:00,70,Fast,49.0,Little,35.0,Mixed,Organised,70.0,Risky,65.0,Normal,70.0,Lots,Organised,65,Medium,40.0,Press,65.0,Normal,Cover,68.33333333333333,56.666666666666664,62.5
638,1832,8295,2011-02-22 00:00:00,53,Balanced,49.0,Little,55.0,Mixed,Organised,71.0,Risky,56.0,Normal,56.0,Normal,Organised,52,Medium,46.0,Press,47.0,Normal,Cover,61.0,48.333333333333336,54.66666666666667
639,1832,8295,2012-02-22 00:00:00,54,Balanced,49.0,Little,47.0,Mixed,Organised,53.0,Normal,44.0,Normal,49.0,Normal,Organised,34,Medium,46.0,Press,39.0,Normal,Cover,48.666666666666664,39.666666666666664,44.166666666666664
640,1832,8295,2014-09-19 00:00:00,56,Balanced,55.0,Normal,53.0,Mixed,Organised,53.0,Normal,46.0,Normal,49.0,Normal,Organised,32,Deep,46.0,Press,37.0,Normal,Cover,49.333333333333336,38.333333333333336,43.833333333333336
641,1832,8295,2015-09-10 00:00:00,54,Balanced,52.0,Normal,47.0,Mixed,Organised,53.0,Normal,44.0,Normal,49.0,Normal,Organised,34,Medium,46.0,Press,39.0,Normal,Cover,48.666666666666664,39.666666666666664,44.166666666666664
642,82,8597,2010-02-22 00:00:00,70,Fast,49.0,Little,70.0,Long,Organised,70.0,Risky,70.0,Lots,65.0,Normal,Organised,60,Medium,70.0,Double,70.0,Wide,Cover,68.33333333333333,66.66666666666667,67.5
643,82,8597,2011-02-22 00:00:00,36,Balanced,49.0,Little,36.0,Mixed,Organised,37.0,Normal,52.0,Normal,51.0,Normal,Organised,48,Medium,43.0,Press,48.0,Normal,Cover,46.666666666666664,46.333333333333336,46.5
644,82,8597,2012-02-22 00:00:00,56,Balanced,49.0,Little,61.0,Mixed,Organised,55.0,Normal,48.0,Normal,46.0,Normal,Organised,43,Medium,43.0,Press,52.0,Normal,Cover,49.666666666666664,46.0,47.83333333333333
645,82,8597,2013-09-20 00:00:00,53,Balanced,49.0,Little,54.0,Mixed,Organised,55.0,Normal,50.0,Normal,49.0,Normal,Organised,47,Medium,49.0,Press,52.0,Normal,Cover,51.333333333333336,49.333333333333336,50.333333333333336
646,82,8597,2014-09-19 00:00:00,56,Balanced,50.0,Normal,61.0,Mixed,Organised,56.0,Normal,48.0,Normal,46.0,Normal,Organised,44,Medium,44.0,Press,52.0,Normal,Cover,50.0,46.666666666666664,48.33333333333333
647,82,8597,2015-09-10 00:00:00,50,Balanced,48.0,Normal,60.0,Mixed,Organised,49.0,Normal,62.0,Normal,47.0,Normal,Organised,46,Medium,46.0,Press,52.0,Normal,Cover,52.666666666666664,48.0,50.33333333333333
648,111083,8245,2010-02-22 00:00:00,30,Slow,49.0,Little,45.0,Mixed,Organised,45.0,Normal,35.0,Normal,70.0,Lots,Organised,50,Medium,70.0,Double,50.0,Normal,Cover,50.0,56.666666666666664,53.33333333333333
649,111083,8245,2011-02-22 00:00:00,67,Fast,49.0,Little,66.0,Mixed,Organised,49.0,Normal,49.0,Normal,69.0,Lots,Organised,57,Medium,48.0,Press,67.0,Wide,Cover,55.666666666666664,57.333333333333336,56.5
650,111083,8245,2012-02-22 00:00:00,75,Fast,49.0,Little,62.0,Mixed,Organised,48.0,Normal,53.0,Normal,68.0,Lots,Organised,58,Medium,43.0,Press,65.0,Normal,Cover,56.333333333333336,55.333333333333336,55.833333333333336
651,111083,8245,2013-09-20 00:00:00,70,Fast,49.0,Little,50.0,Mixed,Organised,48.0,Normal,53.0,Normal,68.0,Lots,Organised,58,Medium,43.0,Press,60.0,Normal,Cover,56.333333333333336,53.666666666666664,55.0
652,111083,8245,2014-09-19 00:00:00,73,Fast,69.0,Lots,50.0,Mixed,Organised,64.0,Normal,53.0,Normal,36.0,Normal,Organised,30,Deep,43.0,Press,62.0,Normal,Cover,51.0,45.0,48.0
653,111083,8245,2015-09-10 00:00:00,59,Balanced,69.0,Lots,50.0,Mixed,Organised,64.0,Normal,53.0,Normal,36.0,Normal,Organised,30,Deep,43.0,Press,62.0,Normal,Cover,51.0,45.0,48.0
654,100081,8571,2010-02-22 00:00:00,50,Balanced,49.0,Little,60.0,Mixed,Organised,50.0,Normal,50.0,Normal,50.0,Normal,Organised,60,Medium,60.0,Press,65.0,Normal,Cover,50.0,61.666666666666664,55.83333333333333
655,100081,8571,2011-02-22 00:00:00,38,Balanced,49.0,Little,65.0,Mixed,Free Form,38.0,Normal,69.0,Lots,52.0,Normal,Organised,34,Medium,57.0,Press,47.0,Normal,Cover,53.0,46.0,49.5
656,100081,8571,2012-02-22 00:00:00,31,Slow,49.0,Little,47.0,Mixed,Organised,37.0,Normal,67.0,Lots,50.0,Normal,Organised,46,Medium,45.0,Press,52.0,Normal,Cover,51.333333333333336,47.666666666666664,49.5
657,100081,8571,2013-09-20 00:00:00,42,Balanced,49.0,Little,40.0,Mixed,Organised,37.0,Normal,67.0,Lots,30.0,Little,Organised,46,Medium,45.0,Press,52.0,Normal,Cover,44.666666666666664,47.666666666666664,46.166666666666664
658,100081,8571,2014-09-19 00:00:00,42,Balanced,40.0,Normal,47.0,Mixed,Organised,37.0,Normal,67.0,Lots,30.0,Little,Organised,46,Medium,45.0,Press,52.0,Normal,Cover,44.666666666666664,47.666666666666664,46.166666666666664
659,100081,8571,2015-09-10 00:00:00,42,Balanced,40.0,Normal,47.0,Mixed,Organised,37.0,Normal,67.0,Lots,30.0,Little,Organised,46,Medium,45.0,Press,52.0,Normal,Cover,44.666666666666664,47.666666666666664,46.166666666666664
660,110724,8203,2010-02-22 00:00:00,65,Balanced,49.0,Little,60.0,Mixed,Organised,50.0,Normal,40.0,Normal,50.0,Normal,Organised,60,Medium,70.0,Double,60.0,Normal,Cover,46.666666666666664,63.333333333333336,55.0
661,110724,8203,2011-02-22 00:00:00,67,Fast,49.0,Little,57.0,Mixed,Organised,47.0,Normal,47.0,Normal,52.0,Normal,Organised,48,Medium,61.0,Press,48.0,Normal,Cover,48.666666666666664,52.333333333333336,50.5
662,110724,8203,2012-02-22 00:00:00,52,Balanced,49.0,Little,54.0,Mixed,Organised,47.0,Normal,53.0,Normal,50.0,Normal,Organised,52,Medium,60.0,Press,48.0,Normal,Cover,50.0,53.333333333333336,51.66666666666667
663,110724,8203,2013-09-20 00:00:00,52,Balanced,49.0,Little,33.0,Short,Organised,47.0,Normal,53.0,Normal,50.0,Normal,Free Form,42,Medium,60.0,Press,52.0,Normal,Cover,50.0,51.333333333333336,50.66666666666667
664,110724,8203,2014-09-19 00:00:00,52,Balanced,42.0,Normal,40.0,Mixed,Organised,47.0,Normal,53.0,Normal,50.0,Normal,Organised,42,Medium,51.0,Press,52.0,Normal,Cover,50.0,48.333333333333336,49.16666666666667
665,110724,8203,2015-09-10 00:00:00,52,Balanced,42.0,Normal,40.0,Mixed,Organised,47.0,Normal,53.0,Normal,50.0,Normal,Organised,42,Medium,51.0,Press,52.0,Normal,Cover,50.0,48.333333333333336,49.16666666666667
666,472,8306,2010-02-22 00:00:00,30,Slow,49.0,Little,30.0,Short,Organised,45.0,Normal,40.0,Normal,70.0,Lots,Organised,35,Medium,45.0,Press,45.0,Normal,Offside Trap,51.666666666666664,41.666666666666664,46.666666666666664
667,472,8306,2011-02-22 00:00:00,54,Balanced,49.0,Little,56.0,Mixed,Organised,67.0,Risky,61.0,Normal,59.0,Normal,Organised,48,Medium,56.0,Press,67.0,Wide,Cover,62.333333333333336,57.0,59.66666666666667
668,472,8306,2012-02-22 00:00:00,48,Balanced,49.0,Little,44.0,Mixed,Organised,53.0,Normal,42.0,Normal,53.0,Normal,Organised,53,Medium,39.0,Press,57.0,Normal,Cover,49.333333333333336,49.666666666666664,49.5
669,472,8306,2013-09-20 00:00:00,48,Balanced,49.0,Little,44.0,Mixed,Organised,53.0,Normal,42.0,Normal,53.0,Normal,Organised,53,Medium,39.0,Press,57.0,Normal,Cover,49.333333333333336,49.666666666666664,49.5
670,472,8306,2014-09-19 00:00:00,48,Balanced,55.0,Normal,44.0,Mixed,Organised,53.0,Normal,42.0,Normal,53.0,Normal,Organised,53,Medium,39.0,Press,57.0,Normal,Cover,49.333333333333336,49.666666666666664,49.5
671,472,8306,2015-09-10 00:00:00,48,Balanced,55.0,Normal,44.0,Mixed,Organised,53.0,Normal,42.0,Normal,53.0,Normal,Organised,53,Medium,39.0,Press,57.0,Normal,Cover,49.333333333333336,49.666666666666664,49.5
672,1862,7730,2010-02-22 00:00:00,30,Slow,49.0,Little,60.0,Mixed,Organised,40.0,Normal,60.0,Normal,60.0,Normal,Organised,55,Medium,60.0,Press,50.0,Normal,Cover,53.333333333333336,55.0,54.16666666666667
673,1862,7730,2012-02-22 00:00:00,37,Balanced,49.0,Little,49.0,Mixed,Organised,52.0,Normal,60.0,Normal,48.0,Normal,Organised,43,Medium,43.0,Press,55.0,Normal,Cover,53.333333333333336,47.0,50.16666666666667
674,1862,7730,2013-09-20 00:00:00,51,Balanced,49.0,Little,49.0,Mixed,Organised,52.0,Normal,60.0,Normal,48.0,Normal,Organised,43,Medium,43.0,Press,55.0,Normal,Cover,53.333333333333336,47.0,50.16666666666667
675,1862,7730,2014-09-19 00:00:00,37,Balanced,55.0,Normal,49.0,Mixed,Organised,52.0,Normal,60.0,Normal,52.0,Normal,Organised,46,Medium,44.0,Press,55.0,Normal,Cover,54.666666666666664,48.333333333333336,51.5
676,46,8543,2010-02-22 00:00:00,60,Balanced,49.0,Little,50.0,Mixed,Organised,50.0,Normal,40.0,Normal,70.0,Lots,Organised,55,Medium,50.0,Press,70.0,Wide,Cover,53.333333333333336,58.333333333333336,55.833333333333336
677,46,8543,2011-02-22 00:00:00,60,Balanced,49.0,Little,35.0,Mixed,Free Form,50.0,Normal,35.0,Normal,51.0,Normal,Organised,45,Medium,50.0,Press,35.0,Normal,Cover,45.333333333333336,43.333333333333336,44.333333333333336
678,46,8543,2012-02-22 00:00:00,45,Balanced,49.0,Little,50.0,Mixed,Organised,65.0,Normal,50.0,Normal,50.0,Normal,Organised,35,Medium,45.0,Press,50.0,Normal,Cover,55.0,43.333333333333336,49.16666666666667
679,46,8543,2013-09-20 00:00:00,51,Balanced,49.0,Little,54.0,Mixed,Organised,68.0,Risky,52.0,Normal,69.0,Lots,Free Form,59,Medium,53.0,Press,54.0,Normal,Cover,63.0,55.333333333333336,59.16666666666667
680,46,8543,2014-09-19 00:00:00,49,Balanced,69.0,Lots,54.0,Mixed,Organised,68.0,Risky,63.0,Normal,69.0,Lots,Organised,59,Medium,53.0,Press,54.0,Normal,Cover,66.66666666666667,55.333333333333336,61.0
681,46,8543,2015-09-10 00:00:00,68,Fast,65.0,Normal,55.0,Mixed,Organised,68.0,Risky,80.0,Lots,72.0,Lots,Free Form,59,Medium,66.0,Press,65.0,Normal,Cover,73.33333333333333,63.333333333333336,68.33333333333333
682,1738,9746,2010-02-22 00:00:00,55,Balanced,49.0,Little,45.0,Mixed,Organised,40.0,Normal,50.0,Normal,65.0,Normal,Organised,30,Deep,70.0,Double,30.5,Narrow,Cover,51.666666666666664,43.5,47.58333333333333
683,1738,9746,2011-02-22 00:00:00,50,Balanced,49.0,Little,50.0,Mixed,Organised,65.0,Normal,50.0,Normal,65.0,Normal,Organised,45,Medium,45.0,Press,65.0,Normal,Cover,60.0,51.666666666666664,55.83333333333333
684,1738,9746,2012-02-22 00:00:00,46,Balanced,49.0,Little,52.0,Mixed,Organised,49.0,Normal,54.0,Normal,52.0,Normal,Organised,47,Medium,55.0,Press,66.0,Normal,Cover,51.666666666666664,56.0,53.83333333333333
685,1738,9746,2013-09-20 00:00:00,46,Balanced,49.0,Little,52.0,Mixed,Organised,49.0,Normal,54.0,Normal,52.0,Normal,Organised,47,Medium,55.0,Press,52.0,Normal,Cover,51.666666666666664,51.333333333333336,51.5
686,1738,9746,2014-09-19 00:00:00,46,Balanced,56.0,Normal,52.0,Mixed,Organised,49.0,Normal,54.0,Normal,52.0,Normal,Organised,47,Medium,55.0,Press,52.0,Normal,Cover,51.666666666666664,51.333333333333336,51.5
687,1738,9746,2015-09-10 00:00:00,46,Balanced,56.0,Normal,52.0,Mixed,Organised,49.0,Normal,54.0,Normal,52.0,Normal,Organised,47,Medium,55.0,Press,52.0,Normal,Cover,51.666666666666664,51.333333333333336,51.5
688,1739,8682,2010-02-22 00:00:00,70,Fast,49.0,Little,45.0,Mixed,Organised,65.0,Normal,60.0,Normal,65.0,Normal,Organised,69,High,60.0,Press,70.0,Wide,Cover,63.333333333333336,66.33333333333333,64.83333333333333
689,1739,8682,2011-02-22 00:00:00,65,Balanced,49.0,Little,50.0,Mixed,Organised,65.0,Normal,65.0,Normal,65.0,Normal,Organised,60,Medium,55.0,Press,35.0,Normal,Cover,65.0,50.0,57.5
690,1739,8682,2012-02-22 00:00:00,58,Balanced,49.0,Little,47.0,Mixed,Organised,49.0,Normal,68.0,Lots,50.0,Normal,Organised,47,Medium,44.0,Press,51.0,Normal,Cover,55.666666666666664,47.333333333333336,51.5
691,1739,8682,2013-09-20 00:00:00,58,Balanced,49.0,Little,47.0,Mixed,Organised,49.0,Normal,68.0,Lots,50.0,Normal,Organised,47,Medium,44.0,Press,51.0,Normal,Cover,55.666666666666664,47.333333333333336,51.5
692,347,9888,2010-02-22 00:00:00,40,Balanced,49.0,Little,30.0,Short,Organised,45.0,Normal,60.0,Normal,70.0,Lots,Organised,30,Deep,70.0,Double,65.0,Normal,Cover,58.333333333333336,55.0,56.66666666666667
693,347,9888,2011-02-22 00:00:00,50,Balanced,49.0,Little,50.0,Mixed,Organised,50.0,Normal,60.0,Normal,52.0,Normal,Organised,30,Deep,55.0,Press,65.0,Normal,Cover,54.0,50.0,52.0
694,347,9888,2012-02-22 00:00:00,45,Balanced,49.0,Little,50.0,Mixed,Organised,50.0,Normal,50.0,Normal,35.0,Normal,Organised,35,Medium,55.0,Press,50.0,Normal,Cover,45.0,46.666666666666664,45.83333333333333
695,873,2182,2010-02-22 00:00:00,40,Balanced,49.0,Little,35.0,Mixed,Organised,45.0,Normal,40.0,Normal,70.0,Lots,Organised,60,Medium,55.0,Press,45.0,Normal,Cover,51.666666666666664,53.333333333333336,52.5
696,873,2182,2011-02-22 00:00:00,64,Balanced,49.0,Little,57.0,Mixed,Organised,68.0,Risky,48.0,Normal,70.0,Lots,Organised,59,Medium,37.0,Press,48.0,Normal,Cover,62.0,48.0,55.0
697,873,2182,2012-02-22 00:00:00,67,Fast,49.0,Little,54.0,Mixed,Organised,56.0,Normal,62.0,Normal,67.0,Lots,Organised,47,Medium,47.0,Press,63.0,Normal,Cover,61.666666666666664,52.333333333333336,57.0
698,873,2182,2013-09-20 00:00:00,67,Fast,49.0,Little,54.0,Mixed,Organised,56.0,Normal,62.0,Normal,67.0,Lots,Organised,47,Medium,47.0,Press,63.0,Normal,Cover,61.666666666666664,52.333333333333336,57.0
699,873,2182,2014-09-19 00:00:00,67,Fast,55.0,Normal,54.0,Mixed,Organised,56.0,Normal,62.0,Normal,67.0,Lots,Organised,47,Medium,47.0,Press,63.0,Normal,Cover,61.666666666666664,52.333333333333336,57.0
700,873,2182,2015-09-10 00:00:00,57,Balanced,50.0,Normal,40.0,Mixed,Free Form,59.0,Normal,70.0,Lots,67.0,Lots,Free Form,50,Medium,58.0,Press,45.0,Normal,Cover,65.33333333333333,51.0,58.166666666666664
701,111091,8030,2010-02-22 00:00:00,30,Slow,49.0,Little,45.0,Mixed,Organised,45.0,Normal,35.0,Normal,70.0,Lots,Organised,69,High,70.0,Double,65.0,Normal,Cover,50.0,68.0,59.0
702,111091,8030,2011-02-22 00:00:00,63,Balanced,49.0,Little,37.0,Mixed,Organised,68.0,Risky,30.0,Little,52.0,Normal,Organised,46,Medium,60.0,Press,47.0,Normal,Cover,50.0,51.0,50.5
703,111091,8030,2012-02-22 00:00:00,44,Balanced,49.0,Little,52.0,Mixed,Organised,50.0,Normal,53.0,Normal,68.0,Lots,Organised,49,Medium,48.0,Press,65.0,Normal,Cover,57.0,54.0,55.5
704,111091,8030,2013-09-20 00:00:00,44,Balanced,49.0,Little,52.0,Mixed,Organised,50.0,Normal,53.0,Normal,68.0,Lots,Organised,49,Medium,59.0,Press,60.0,Normal,Cover,57.0,56.0,56.5
705,111091,8030,2014-09-19 00:00:00,62,Balanced,48.0,Normal,52.0,Mixed,Organised,50.0,Normal,63.0,Normal,52.0,Normal,Organised,37,Medium,58.0,Press,63.0,Normal,Cover,55.0,52.666666666666664,53.83333333333333
706,111091,8030,2015-09-10 00:00:00,62,Balanced,48.0,Normal,52.0,Mixed,Free Form,66.0,Normal,59.0,Normal,58.0,Normal,Organised,51,Medium,58.0,Press,40.0,Normal,Cover,61.0,49.666666666666664,55.33333333333333
707,1871,8673,2010-02-22 00:00:00,30,Slow,49.0,Little,35.0,Mixed,Organised,55.0,Normal,45.0,Normal,70.0,Lots,Organised,65,Medium,70.0,Double,60.0,Normal,Cover,56.666666666666664,65.0,60.83333333333333
708,1871,8673,2011-02-22 00:00:00,67,Fast,49.0,Little,35.0,Mixed,Organised,55.0,Normal,36.0,Normal,53.0,Normal,Organised,59,Medium,48.0,Press,66.0,Normal,Cover,48.0,57.666666666666664,52.83333333333333
709,1871,8673,2012-02-22 00:00:00,69,Fast,49.0,Little,55.0,Mixed,Organised,52.0,Normal,40.0,Normal,53.0,Normal,Organised,59,Medium,49.0,Press,67.0,Wide,Cover,48.333333333333336,58.333333333333336,53.333333333333336
710,1871,8673,2013-09-20 00:00:00,69,Fast,49.0,Little,55.0,Mixed,Organised,52.0,Normal,40.0,Normal,53.0,Normal,Organised,59,Medium,49.0,Press,63.0,Normal,Cover,48.333333333333336,57.0,52.66666666666667
711,1871,8673,2014-09-19 00:00:00,54,Balanced,51.0,Normal,36.0,Mixed,Free Form,52.0,Normal,51.0,Normal,64.0,Normal,Organised,47,Medium,46.0,Press,66.0,Normal,Cover,55.666666666666664,53.0,54.33333333333333
712,1871,8673,2015-09-10 00:00:00,54,Balanced,47.0,Normal,36.0,Mixed,Organised,52.0,Normal,51.0,Normal,64.0,Normal,Free Form,50,Medium,60.0,Press,58.0,Normal,Cover,55.666666666666664,56.0,55.83333333333333
713,95,8197,2010-02-22 00:00:00,70,Fast,49.0,Little,70.0,Long,Organised,70.0,Risky,70.0,Lots,45.0,Normal,Organised,69,High,70.0,Double,70.0,Wide,Cover,61.666666666666664,69.66666666666667,65.66666666666667
714,95,8197,2011-02-22 00:00:00,36,Balanced,49.0,Little,52.0,Mixed,Organised,36.0,Normal,52.0,Normal,52.0,Normal,Organised,51,Medium,34.0,Press,48.0,Normal,Cover,46.666666666666664,44.333333333333336,45.5
715,95,8197,2012-02-22 00:00:00,45,Balanced,49.0,Little,48.0,Mixed,Organised,48.0,Normal,56.0,Normal,56.0,Normal,Organised,48,Medium,52.0,Press,54.0,Normal,Cover,53.333333333333336,51.333333333333336,52.333333333333336
716,95,8197,2013-09-20 00:00:00,45,Balanced,49.0,Little,48.0,Mixed,Organised,48.0,Normal,56.0,Normal,56.0,Normal,Organised,48,Medium,52.0,Press,54.0,Normal,Cover,53.333333333333336,51.333333333333336,52.333333333333336
717,95,8197,2014-09-19 00:00:00,63,Balanced,36.0,Normal,48.0,Mixed,Organised,47.0,Normal,62.0,Normal,69.0,Lots,Organised,58,Medium,62.0,Press,54.0,Normal,Cover,59.333333333333336,58.0,58.66666666666667
718,95,8197,2015-09-10 00:00:00,63,Balanced,41.0,Normal,60.0,Mixed,Organised,47.0,Normal,64.0,Normal,46.0,Normal,Organised,58,Medium,65.0,Press,55.0,Normal,Cover,52.333333333333336,59.333333333333336,55.833333333333336
719,10018,6421,2010-02-22 00:00:00,30,Slow,49.0,Little,30.0,Short,Organised,50.0,Normal,50.0,Normal,65.0,Normal,Organised,30,Deep,30.0,Contain,30.5,Narrow,Cover,55.0,30.166666666666668,42.583333333333336
720,64,8588,2010-02-22 00:00:00,30,Slow,49.0,Little,30.0,Short,Organised,60.0,Normal,50.0,Normal,70.0,Lots,Organised,69,High,60.0,Press,70.0,Wide,Offside Trap,60.0,66.33333333333333,63.166666666666664
721,64,8588,2011-02-22 00:00:00,65,Balanced,49.0,Little,50.0,Mixed,Organised,50.0,Normal,65.0,Normal,65.0,Normal,Organised,45,Medium,55.0,Press,50.0,Normal,Cover,60.0,50.0,55.0
722,64,8588,2012-02-22 00:00:00,64,Balanced,49.0,Little,49.0,Mixed,Organised,49.0,Normal,53.0,Normal,34.0,Normal,Organised,46,Medium,44.0,Press,49.0,Normal,Cover,45.333333333333336,46.333333333333336,45.833333333333336
723,64,8588,2013-09-20 00:00:00,64,Balanced,49.0,Little,49.0,Mixed,Organised,49.0,Normal,53.0,Normal,37.0,Normal,Organised,42,Medium,44.0,Press,49.0,Normal,Cover,46.333333333333336,45.0,45.66666666666667
724,64,8588,2014-09-19 00:00:00,64,Balanced,52.0,Normal,49.0,Mixed,Organised,49.0,Normal,53.0,Normal,34.0,Normal,Organised,46,Medium,44.0,Press,49.0,Normal,Cover,45.333333333333336,46.333333333333336,45.833333333333336
725,64,8588,2015-09-10 00:00:00,64,Balanced,44.0,Normal,50.0,Mixed,Organised,49.0,Normal,53.0,Normal,46.0,Normal,Organised,46,Medium,44.0,Press,49.0,Normal,Cover,49.333333333333336,46.333333333333336,47.833333333333336
726,1853,8581,2010-02-22 00:00:00,30,Slow,49.0,Little,30.0,Short,Organised,45.0,Normal,40.0,Normal,70.0,Lots,Organised,30,Deep,35.0,Press,50.0,Normal,Cover,51.666666666666664,38.333333333333336,45.0
727,1853,8581,2011-02-22 00:00:00,68,Fast,49.0,Little,56.0,Mixed,Organised,69.0,Risky,55.0,Normal,58.0,Normal,Organised,37,Medium,47.0,Press,54.0,Normal,Cover,60.666666666666664,46.0,53.33333333333333
728,1853,8581,2012-02-22 00:00:00,53,Balanced,49.0,Little,63.0,Mixed,Organised,55.0,Normal,61.0,Normal,52.0,Normal,Organised,47,Medium,52.0,Press,56.0,Normal,Cover,56.0,51.666666666666664,53.83333333333333
729,1853,8581,2013-09-20 00:00:00,57,Balanced,49.0,Little,63.0,Mixed,Organised,55.0,Normal,61.0,Normal,52.0,Normal,Organised,47,Medium,52.0,Press,56.0,Normal,Cover,56.0,51.666666666666664,53.83333333333333
730,1853,8581,2014-09-19 00:00:00,57,Balanced,51.0,Normal,63.0,Mixed,Organised,55.0,Normal,61.0,Normal,52.0,Normal,Organised,47,Medium,52.0,Press,56.0,Normal,Cover,56.0,51.666666666666664,53.83333333333333
731,1853,8581,2015-09-10 00:00:00,62,Balanced,36.0,Normal,65.0,Mixed,Organised,71.0,Risky,42.0,Normal,65.0,Normal,Organised,36,Medium,33.0,Contain,42.0,Normal,Cover,59.333333333333336,37.0,48.16666666666667
732,239,9989,2011-02-22 00:00:00,48,Balanced,49.0,Little,65.0,Mixed,Organised,55.0,Normal,45.0,Normal,50.0,Normal,Organised,46,Medium,48.0,Press,45.0,Normal,Cover,50.0,46.333333333333336,48.16666666666667
733,239,9989,2012-02-22 00:00:00,69,Fast,49.0,Little,58.0,Mixed,Organised,56.0,Normal,52.0,Normal,61.0,Normal,Organised,45,Medium,49.0,Press,65.0,Normal,Cover,56.333333333333336,53.0,54.66666666666667
734,239,9989,2013-09-20 00:00:00,69,Fast,49.0,Little,58.0,Mixed,Organised,56.0,Normal,52.0,Normal,61.0,Normal,Free Form,38,Medium,49.0,Press,65.0,Normal,Cover,56.333333333333336,50.666666666666664,53.5
735,239,9989,2014-09-19 00:00:00,69,Fast,44.0,Normal,58.0,Mixed,Organised,56.0,Normal,52.0,Normal,61.0,Normal,Organised,38,Medium,49.0,Press,65.0,Normal,Cover,56.333333333333336,50.666666666666664,53.5
736,239,9989,2015-09-10 00:00:00,69,Fast,44.0,Normal,58.0,Mixed,Organised,56.0,Normal,52.0,Normal,61.0,Normal,Organised,38,Medium,49.0,Press,65.0,Normal,Cover,56.333333333333336,50.666666666666664,53.5
737,65,8639,2010-02-22 00:00:00,70,Fast,49.0,Little,60.0,Mixed,Organised,50.0,Normal,45.0,Normal,55.0,Normal,Organised,55,Medium,70.0,Double,55.0,Normal,Cover,50.0,60.0,55.0
738,65,8639,2011-02-22 00:00:00,65,Balanced,49.0,Little,65.0,Mixed,Organised,50.0,Normal,80.0,Lots,50.0,Normal,Organised,55,Medium,55.0,Press,35.0,Normal,Cover,60.0,48.333333333333336,54.16666666666667
739,65,8639,2012-02-22 00:00:00,34,Balanced,49.0,Little,23.0,Short,Organised,63.0,Normal,52.0,Normal,49.0,Normal,Free Form,58,Medium,56.0,Press,48.0,Normal,Cover,54.666666666666664,54.0,54.33333333333333
740,65,8639,2013-09-20 00:00:00,34,Balanced,49.0,Little,42.0,Mixed,Organised,63.0,Normal,52.0,Normal,49.0,Normal,Organised,47,Medium,42.0,Press,48.0,Normal,Cover,54.666666666666664,45.666666666666664,50.166666666666664
741,65,8639,2014-09-19 00:00:00,45,Balanced,65.0,Normal,42.0,Mixed,Organised,68.0,Risky,52.0,Normal,49.0,Normal,Organised,59,Medium,42.0,Press,48.0,Normal,Cover,56.333333333333336,49.666666666666664,53.0
742,65,8639,2015-09-10 00:00:00,45,Balanced,36.0,Normal,43.0,Mixed,Organised,68.0,Risky,52.0,Normal,64.0,Normal,Organised,59,Medium,42.0,Press,48.0,Normal,Cover,61.333333333333336,49.666666666666664,55.5
743,9,8650,2010-02-22 00:00:00,50,Balanced,49.0,Little,35.0,Mixed,Organised,50.0,Normal,60.0,Normal,70.0,Lots,Organised,40,Medium,60.0,Press,40.0,Normal,Cover,60.0,46.666666666666664,53.33333333333333
744,9,8650,2011-02-22 00:00:00,60,Balanced,49.0,Little,50.0,Mixed,Organised,40.0,Normal,45.0,Normal,60.0,Normal,Organised,55,Medium,55.0,Press,50.0,Normal,Cover,48.333333333333336,53.333333333333336,50.833333333333336
745,9,8650,2012-02-22 00:00:00,60,Balanced,49.0,Little,60.0,Mixed,Organised,48.0,Normal,73.0,Lots,53.0,Normal,Organised,50,Medium,48.0,Press,62.0,Normal,Cover,58.0,53.333333333333336,55.66666666666667
746,9,8650,2013-09-20 00:00:00,39,Balanced,49.0,Little,44.0,Mixed,Organised,42.0,Normal,34.0,Normal,54.0,Normal,Organised,59,Medium,52.0,Press,61.0,Normal,Cover,43.333333333333336,57.333333333333336,50.333333333333336
747,9,8650,2014-09-19 00:00:00,71,Fast,48.0,Normal,32.0,Short,Organised,34.0,Normal,41.0,Normal,61.0,Normal,Organised,51,Medium,48.0,Press,62.0,Normal,Cover,45.333333333333336,53.666666666666664,49.5
748,9,8650,2015-09-10 00:00:00,66,Balanced,60.0,Normal,45.0,Mixed,Organised,34.0,Normal,34.0,Normal,46.0,Normal,Organised,51,Medium,52.0,Press,61.0,Normal,Cover,38.0,54.666666666666664,46.33333333333333
749,1844,8537,2010-02-22 00:00:00,30,Slow,49.0,Little,30.0,Short,Organised,30.0,Safe,30.0,Little,55.0,Normal,Organised,30,Deep,30.0,Contain,30.5,Narrow,Offside Trap,38.333333333333336,30.166666666666668,34.25
750,1844,8537,2011-02-22 00:00:00,65,Balanced,49.0,Little,50.0,Mixed,Organised,30.0,Safe,65.0,Normal,65.0,Normal,Organised,45,Medium,60.0,Press,30.5,Narrow,Cover,53.333333333333336,45.166666666666664,49.25
751,1844,8537,2012-02-22 00:00:00,50,Balanced,49.0,Little,50.0,Mixed,Organised,35.0,Normal,50.0,Normal,50.0,Normal,Organised,35,Medium,45.0,Press,35.0,Normal,Cover,45.0,38.333333333333336,41.66666666666667
752,1844,8537,2013-09-20 00:00:00,58,Balanced,49.0,Little,55.0,Mixed,Organised,52.0,Normal,57.0,Normal,63.0,Normal,Free Form,58,Medium,49.0,Press,56.0,Normal,Cover,57.333333333333336,54.333333333333336,55.833333333333336
753,1844,8537,2014-09-19 00:00:00,58,Balanced,58.0,Normal,67.0,Long,Organised,38.0,Normal,24.5,Little,77.0,Lots,Organised,29,Deep,57.0,Press,32.0,Narrow,Cover,46.5,39.333333333333336,42.91666666666667
754,1844,8537,2015-09-10 00:00:00,58,Balanced,58.0,Normal,67.0,Long,Organised,38.0,Normal,27.0,Little,69.0,Lots,Organised,31,Deep,57.0,Press,38.0,Normal,Cover,44.666666666666664,42.0,43.33333333333333
755,301,8244,2011-02-22 00:00:00,63,Balanced,49.0,Little,48.0,Mixed,Organised,48.0,Normal,68.0,Lots,53.0,Normal,Organised,37,Medium,58.0,Press,63.0,Normal,Cover,56.333333333333336,52.666666666666664,54.5
756,301,8244,2012-02-22 00:00:00,66,Balanced,49.0,Little,72.0,Long,Organised,70.0,Risky,61.0,Normal,54.0,Normal,Organised,32,Deep,32.0,Contain,62.0,Normal,Cover,61.666666666666664,42.0,51.83333333333333
757,301,8244,2013-09-20 00:00:00,66,Balanced,49.0,Little,59.0,Mixed,Organised,43.0,Normal,61.0,Normal,54.0,Normal,Organised,32,Deep,43.0,Press,46.0,Normal,Cover,52.666666666666664,40.333333333333336,46.5
758,301,8244,2014-09-19 00:00:00,66,Balanced,52.0,Normal,72.0,Long,Organised,66.0,Normal,67.0,Lots,51.0,Normal,Organised,36,Medium,38.0,Press,65.0,Normal,Cover,61.333333333333336,46.333333333333336,53.833333333333336
759,2007,9994,2010-02-22 00:00:00,60,Balanced,49.0,Little,60.0,Mixed,Organised,50.0,Normal,40.0,Normal,50.0,Normal,Organised,65,Medium,65.0,Press,70.0,Wide,Cover,46.666666666666664,66.66666666666667,56.66666666666667
760,2007,9994,2011-02-22 00:00:00,66,Balanced,49.0,Little,53.0,Mixed,Organised,48.0,Normal,46.0,Normal,52.0,Normal,Organised,48,Medium,58.0,Press,55.0,Normal,Cover,48.666666666666664,53.666666666666664,51.166666666666664
761,2007,9994,2012-02-22 00:00:00,67,Fast,49.0,Little,52.0,Mixed,Organised,51.0,Normal,50.0,Normal,50.0,Normal,Organised,45,Medium,52.0,Press,52.0,Normal,Cover,50.333333333333336,49.666666666666664,50.0
762,2007,9994,2013-09-20 00:00:00,67,Fast,49.0,Little,52.0,Mixed,Organised,31.0,Safe,50.0,Normal,50.0,Normal,Organised,45,Medium,52.0,Press,52.0,Normal,Cover,43.666666666666664,49.666666666666664,46.666666666666664
763,2007,9994,2014-09-19 00:00:00,62,Balanced,45.0,Normal,52.0,Mixed,Organised,42.0,Normal,50.0,Normal,62.0,Normal,Organised,45,Medium,52.0,Press,52.0,Normal,Cover,51.333333333333336,49.666666666666664,50.5
764,2007,9994,2015-09-10 00:00:00,62,Balanced,45.0,Normal,52.0,Mixed,Organised,42.0,Normal,50.0,Normal,62.0,Normal,Organised,45,Medium,52.0,Press,52.0,Normal,Cover,51.333333333333336,49.666666666666664,50.5
765,217,8689,2010-02-22 00:00:00,45,Balanced,49.0,Little,70.0,Long,Organised,30.0,Safe,50.0,Normal,40.0,Normal,Organised,69,High,60.0,Press,70.0,Wide,Offside Trap,40.0,66.33333333333333,53.166666666666664
766,217,8689,2011-02-22 00:00:00,35,Balanced,49.0,Little,35.0,Mixed,Organised,78.5,Risky,50.0,Normal,50.0,Normal,Organised,55,Medium,35.0,Press,65.0,Normal,Cover,59.5,51.666666666666664,55.58333333333333
767,217,8689,2012-02-22 00:00:00,60,Balanced,49.0,Little,42.0,Mixed,Organised,48.0,Normal,53.0,Normal,64.0,Normal,Organised,43,Medium,47.0,Press,48.0,Normal,Cover,55.0,46.0,50.5
768,217,8689,2013-09-20 00:00:00,60,Balanced,49.0,Little,42.0,Mixed,Organised,48.0,Normal,53.0,Normal,64.0,Normal,Organised,43,Medium,47.0,Press,48.0,Normal,Cover,55.0,46.0,50.5
769,217,8689,2014-09-19 00:00:00,60,Balanced,56.0,Normal,42.0,Mixed,Organised,48.0,Normal,53.0,Normal,64.0,Normal,Organised,43,Medium,47.0,Press,48.0,Normal,Cover,55.0,46.0,50.5
770,217,8689,2015-09-10 00:00:00,57,Balanced,42.0,Normal,50.0,Mixed,Organised,48.0,Normal,53.0,Normal,46.0,Normal,Organised,51,Medium,56.0,Press,55.0,Normal,Cover,49.0,54.0,51.5
771,897,10199,2010-02-22 00:00:00,45,Balanced,49.0,Little,60.0,Mixed,Organised,45.0,Normal,70.0,Lots,60.0,Normal,Organised,40,Medium,45.0,Press,50.0,Normal,Offside Trap,58.333333333333336,45.0,51.66666666666667
772,897,10199,2011-02-22 00:00:00,48,Balanced,49.0,Little,57.0,Mixed,Organised,63.0,Normal,34.0,Normal,64.0,Normal,Organised,56,Medium,45.0,Press,52.0,Normal,Cover,53.666666666666664,51.0,52.33333333333333
773,897,10199,2012-02-22 00:00:00,46,Balanced,49.0,Little,48.0,Mixed,Organised,51.0,Normal,53.0,Normal,55.0,Normal,Organised,48,Medium,47.0,Press,50.0,Normal,Cover,53.0,48.333333333333336,50.66666666666667
774,897,10199,2013-09-20 00:00:00,46,Balanced,49.0,Little,48.0,Mixed,Organised,51.0,Normal,53.0,Normal,55.0,Normal,Organised,48,Medium,47.0,Press,50.0,Normal,Cover,53.0,48.333333333333336,50.66666666666667
775,897,10199,2014-09-19 00:00:00,63,Balanced,51.0,Normal,51.0,Mixed,Organised,54.0,Normal,40.0,Normal,66.0,Normal,Organised,48,Medium,53.0,Press,50.0,Normal,Cover,53.333333333333336,50.333333333333336,51.833333333333336
776,897,10199,2015-09-10 00:00:00,63,Balanced,51.0,Normal,51.0,Mixed,Organised,54.0,Normal,40.0,Normal,66.0,Normal,Organised,48,Medium,53.0,Press,50.0,Normal,Cover,53.333333333333336,50.333333333333336,51.833333333333336
777,66,9748,2010-02-22 00:00:00,60,Balanced,49.0,Little,40.0,Mixed,Organised,70.0,Risky,45.0,Normal,70.0,Lots,Organised,69,High,60.0,Press,70.0,Wide,Offside Trap,61.666666666666664,66.33333333333333,64.0
778,66,9748,2011-02-22 00:00:00,65,Balanced,49.0,Little,50.0,Mixed,Organised,50.0,Normal,50.0,Normal,80.0,Lots,Organised,45,Medium,45.0,Press,65.0,Normal,Cover,60.0,51.666666666666664,55.83333333333333
779,66,9748,2012-02-22 00:00:00,49,Balanced,49.0,Little,52.0,Mixed,Organised,49.0,Normal,54.0,Normal,67.0,Lots,Organised,46,Medium,47.0,Press,47.0,Normal,Cover,56.666666666666664,46.666666666666664,51.666666666666664
780,66,9748,2013-09-20 00:00:00,49,Balanced,49.0,Little,52.0,Mixed,Organised,49.0,Normal,54.0,Normal,67.0,Lots,Organised,46,Medium,47.0,Press,47.0,Normal,Cover,56.666666666666664,46.666666666666664,51.666666666666664
781,66,9748,2014-09-19 00:00:00,49,Balanced,60.0,Normal,52.0,Mixed,Organised,49.0,Normal,54.0,Normal,67.0,Lots,Organised,46,Medium,47.0,Press,47.0,Normal,Cover,56.666666666666664,46.666666666666664,51.666666666666664
782,66,9748,2015-09-10 00:00:00,49,Balanced,60.0,Normal,52.0,Mixed,Organised,49.0,Normal,54.0,Normal,67.0,Lots,Organised,46,Medium,47.0,Press,47.0,Normal,Cover,56.666666666666664,46.666666666666664,51.666666666666664
783,169,9905,2010-02-22 00:00:00,45,Balanced,49.0,Little,40.0,Mixed,Organised,45.0,Normal,70.0,Lots,70.0,Lots,Organised,50,Medium,70.0,Double,50.0,Normal,Cover,61.666666666666664,56.666666666666664,59.166666666666664
784,169,9905,2011-02-22 00:00:00,65,Balanced,49.0,Little,50.0,Mixed,Organised,59.0,Normal,62.0,Normal,53.0,Normal,Organised,57,Medium,53.0,Press,43.0,Normal,Cover,58.0,51.0,54.5
785,169,9905,2012-02-22 00:00:00,68,Fast,49.0,Little,57.0,Mixed,Organised,55.0,Normal,39.0,Normal,60.0,Normal,Organised,52,Medium,65.0,Press,53.0,Normal,Cover,51.333333333333336,56.666666666666664,54.0
786,169,9905,2013-09-20 00:00:00,66,Balanced,49.0,Little,52.0,Mixed,Organised,55.0,Normal,37.0,Normal,56.0,Normal,Organised,48,Medium,65.0,Press,53.0,Normal,Cover,49.333333333333336,55.333333333333336,52.333333333333336
787,169,9905,2014-09-19 00:00:00,67,Fast,54.0,Normal,57.0,Mixed,Organised,55.0,Normal,38.0,Normal,44.0,Normal,Organised,53,Medium,60.0,Press,52.0,Normal,Cover,45.666666666666664,55.0,50.33333333333333
788,169,9905,2015-09-10 00:00:00,60,Balanced,43.0,Normal,53.0,Mixed,Organised,49.0,Normal,40.0,Normal,44.0,Normal,Organised,55,Medium,62.0,Press,47.0,Normal,Cover,44.333333333333336,54.666666666666664,49.5
789,573,9864,2010-02-22 00:00:00,60,Balanced,49.0,Little,55.0,Mixed,Organised,40.0,Normal,45.0,Normal,70.0,Lots,Organised,45,Medium,65.0,Press,45.0,Normal,Cover,51.666666666666664,51.666666666666664,51.666666666666664
790,573,9864,2011-02-22 00:00:00,58,Balanced,49.0,Little,54.0,Mixed,Organised,54.0,Normal,55.0,Normal,61.0,Normal,Organised,45,Medium,47.0,Press,54.0,Normal,Cover,56.666666666666664,48.666666666666664,52.666666666666664
791,573,9864,2012-02-22 00:00:00,41,Balanced,49.0,Little,36.0,Mixed,Organised,72.0,Risky,69.0,Lots,50.0,Normal,Organised,64,Medium,58.0,Press,42.0,Normal,Cover,63.666666666666664,54.666666666666664,59.166666666666664
792,573,9864,2013-09-20 00:00:00,45,Balanced,49.0,Little,36.0,Mixed,Organised,72.0,Risky,69.0,Lots,50.0,Normal,Organised,64,Medium,58.0,Press,42.0,Normal,Cover,63.666666666666664,54.666666666666664,59.166666666666664
793,573,9864,2014-09-19 00:00:00,45,Balanced,42.0,Normal,36.0,Mixed,Organised,69.0,Risky,69.0,Lots,50.0,Normal,Organised,64,Medium,58.0,Press,42.0,Normal,Cover,62.666666666666664,54.666666666666664,58.666666666666664
794,573,9864,2015-09-10 00:00:00,42,Balanced,51.0,Normal,36.0,Mixed,Organised,41.0,Normal,40.0,Normal,50.0,Normal,Organised,47,Medium,37.0,Press,52.0,Normal,Offside Trap,43.666666666666664,45.333333333333336,44.5
795,453,8661,2010-02-22 00:00:00,40,Balanced,49.0,Little,40.0,Mixed,Organised,50.0,Normal,40.0,Normal,50.0,Normal,Free Form,45,Medium,40.0,Press,45.0,Normal,Offside Trap,46.666666666666664,43.333333333333336,45.0
796,453,8661,2011-02-22 00:00:00,53,Balanced,49.0,Little,52.0,Mixed,Organised,55.0,Normal,52.0,Normal,53.0,Normal,Free Form,47,Medium,48.0,Press,55.0,Normal,Cover,53.333333333333336,50.0,51.66666666666667
797,453,8661,2012-02-22 00:00:00,58,Balanced,49.0,Little,57.0,Mixed,Organised,53.0,Normal,57.0,Normal,53.0,Normal,Organised,59,Medium,41.0,Press,56.0,Normal,Cover,54.333333333333336,52.0,53.16666666666667
798,453,8661,2013-09-20 00:00:00,62,Balanced,49.0,Little,57.0,Mixed,Organised,53.0,Normal,57.0,Normal,53.0,Normal,Organised,59,Medium,41.0,Press,56.0,Normal,Cover,54.333333333333336,52.0,53.16666666666667
799,453,8661,2014-09-19 00:00:00,62,Balanced,53.0,Normal,57.0,Mixed,Organised,53.0,Normal,57.0,Normal,53.0,Normal,Organised,59,Medium,41.0,Press,56.0,Normal,Cover,54.333333333333336,52.0,53.16666666666667
800,453,8661,2015-09-10 00:00:00,62,Balanced,53.0,Normal,57.0,Mixed,Organised,53.0,Normal,57.0,Normal,53.0,Normal,Organised,59,Medium,41.0,Press,56.0,Normal,Cover,54.333333333333336,52.0,53.16666666666667
801,10,8456,2010-02-22 00:00:00,70,Fast,49.0,Little,60.0,Mixed,Organised,55.0,Normal,70.0,Lots,70.0,Lots,Organised,45,Medium,55.0,Press,45.0,Normal,Cover,65.0,48.333333333333336,56.66666666666667
802,10,8456,2011-02-22 00:00:00,70,Fast,49.0,Little,60.0,Mixed,Organised,70.0,Risky,65.0,Normal,75.0,Lots,Free Form,65,Medium,65.0,Press,50.0,Normal,Cover,70.0,60.0,65.0
803,10,8456,2012-02-22 00:00:00,45,Balanced,49.0,Little,55.0,Mixed,Organised,40.0,Normal,38.0,Normal,48.0,Normal,Free Form,50,Medium,60.0,Press,54.0,Normal,Cover,42.0,54.666666666666664,48.33333333333333
804,10,8456,2013-09-20 00:00:00,36,Balanced,49.0,Little,34.0,Mixed,Organised,39.0,Normal,44.0,Normal,38.0,Normal,Free Form,42,Medium,44.0,Press,54.0,Normal,Cover,40.333333333333336,46.666666666666664,43.5
805,10,8456,2014-09-19 00:00:00,59,Balanced,35.0,Normal,29.0,Short,Organised,32.0,Safe,49.0,Normal,62.0,Normal,Organised,42,Medium,44.0,Press,54.0,Normal,Cover,47.666666666666664,46.666666666666664,47.166666666666664
806,10,8456,2015-09-10 00:00:00,59,Balanced,35.0,Normal,29.0,Short,Free Form,38.0,Normal,36.0,Normal,28.5,Little,Free Form,48,Medium,47.0,Press,54.0,Normal,Cover,34.166666666666664,49.666666666666664,41.916666666666664
807,11,10260,2010-02-22 00:00:00,70,Fast,49.0,Little,45.0,Mixed,Organised,45.0,Normal,70.0,Lots,65.0,Normal,Free Form,40,Medium,50.0,Press,40.0,Normal,Cover,60.0,43.333333333333336,51.66666666666667
808,11,10260,2011-02-22 00:00:00,65,Balanced,49.0,Little,40.0,Mixed,Organised,65.0,Normal,65.0,Normal,70.0,Lots,Free Form,45,Medium,45.0,Press,65.0,Normal,Cover,66.66666666666667,51.666666666666664,59.16666666666667
809,11,10260,2012-02-22 00:00:00,46,Balanced,49.0,Little,54.0,Mixed,Organised,46.0,Normal,60.0,Normal,55.0,Normal,Organised,40,Medium,50.0,Press,56.0,Normal,Cover,53.666666666666664,48.666666666666664,51.166666666666664
810,11,10260,2013-09-20 00:00:00,46,Balanced,49.0,Little,38.0,Mixed,Organised,46.0,Normal,68.0,Lots,37.0,Normal,Organised,49,Medium,49.0,Press,56.0,Normal,Cover,50.333333333333336,51.333333333333336,50.833333333333336
811,11,10260,2014-09-19 00:00:00,46,Balanced,34.0,Normal,54.0,Mixed,Organised,49.0,Normal,72.0,Lots,56.0,Normal,Organised,42,Medium,41.0,Press,56.0,Normal,Cover,59.0,46.333333333333336,52.66666666666667
812,11,10260,2015-09-10 00:00:00,38,Balanced,42.0,Normal,44.0,Mixed,Organised,49.0,Normal,44.0,Normal,40.0,Normal,Organised,54,Medium,53.0,Press,56.0,Normal,Cover,44.333333333333336,54.333333333333336,49.333333333333336
813,1893,10212,2010-02-22 00:00:00,30,Slow,49.0,Little,30.0,Short,Organised,55.0,Normal,50.0,Normal,65.0,Normal,Organised,30,Deep,30.0,Contain,30.5,Narrow,Offside Trap,56.666666666666664,30.166666666666668,43.416666666666664
814,1893,10212,2011-02-22 00:00:00,30,Slow,49.0,Little,30.0,Short,Organised,55.0,Normal,60.0,Normal,50.0,Normal,Organised,49,Medium,45.0,Press,50.0,Normal,Offside Trap,55.0,48.0,51.5
815,1893,10212,2012-02-22 00:00:00,38,Balanced,49.0,Little,44.0,Mixed,Organised,54.0,Normal,76.0,Lots,55.0,Normal,Organised,38,Medium,49.0,Press,46.0,Normal,Cover,61.666666666666664,44.333333333333336,53.0
816,1893,10212,2013-09-20 00:00:00,38,Balanced,49.0,Little,44.0,Mixed,Organised,54.0,Normal,76.0,Lots,55.0,Normal,Organised,38,Medium,49.0,Press,46.0,Normal,Cover,61.666666666666664,44.333333333333336,53.0
817,1893,10212,2014-09-19 00:00:00,67,Fast,49.0,Normal,66.0,Mixed,Free Form,67.0,Risky,64.0,Normal,55.0,Normal,Organised,37,Medium,45.0,Press,44.0,Normal,Cover,62.0,42.0,52.0
818,1893,10212,2015-09-10 00:00:00,61,Balanced,49.0,Normal,66.0,Mixed,Organised,67.0,Risky,64.0,Normal,55.0,Normal,Organised,38,Medium,49.0,Press,46.0,Normal,Cover,62.0,44.333333333333336,53.16666666666667
819,219,8592,2010-02-22 00:00:00,55,Balanced,49.0,Little,45.0,Mixed,Organised,70.0,Risky,65.0,Normal,70.0,Lots,Free Form,65,Medium,70.0,Double,65.0,Normal,Offside Trap,68.33333333333333,66.66666666666667,67.5
820,219,8592,2011-02-22 00:00:00,65,Balanced,49.0,Little,35.0,Mixed,Organised,65.0,Normal,65.0,Normal,80.0,Lots,Free Form,55,Medium,55.0,Press,65.0,Normal,Cover,70.0,58.333333333333336,64.16666666666667
821,219,8592,2012-02-22 00:00:00,48,Balanced,49.0,Little,50.0,Mixed,Organised,49.0,Normal,51.0,Normal,48.0,Normal,Organised,44,Medium,48.0,Press,51.0,Normal,Cover,49.333333333333336,47.666666666666664,48.5
822,219,8592,2013-09-20 00:00:00,48,Balanced,49.0,Little,50.0,Mixed,Organised,49.0,Normal,77.0,Lots,64.0,Normal,Organised,44,Medium,48.0,Press,54.0,Normal,Cover,63.333333333333336,48.666666666666664,56.0
823,219,8592,2014-09-19 00:00:00,51,Balanced,62.0,Normal,50.0,Mixed,Organised,49.0,Normal,69.0,Lots,68.0,Lots,Organised,48,Medium,48.0,Press,60.0,Normal,Cover,62.0,52.0,57.0
824,219,8592,2015-09-10 00:00:00,51,Balanced,77.0,Lots,41.0,Mixed,Organised,49.0,Normal,69.0,Lots,31.0,Little,Organised,48,Medium,48.0,Press,60.0,Normal,Cover,49.666666666666664,52.0,50.83333333333333
825,68,8550,2010-02-22 00:00:00,50,Balanced,49.0,Little,30.0,Short,Organised,50.0,Normal,60.0,Normal,65.0,Normal,Organised,30,Deep,50.0,Press,30.5,Narrow,Offside Trap,58.333333333333336,36.833333333333336,47.583333333333336
826,68,8550,2011-02-22 00:00:00,65,Balanced,49.0,Little,65.0,Mixed,Organised,35.0,Normal,65.0,Normal,50.0,Normal,Organised,35,Medium,35.0,Press,65.0,Normal,Cover,50.0,45.0,47.5
827,68,8550,2012-02-22 00:00:00,50,Balanced,49.0,Little,49.0,Mixed,Organised,49.0,Normal,54.0,Normal,53.0,Normal,Organised,46,Medium,47.0,Press,50.0,Normal,Cover,52.0,47.666666666666664,49.83333333333333
828,68,8550,2014-09-19 00:00:00,55,Balanced,42.0,Normal,49.0,Mixed,Organised,49.0,Normal,54.0,Normal,53.0,Normal,Organised,46,Medium,54.0,Press,50.0,Normal,Cover,52.0,50.0,51.0
829,68,8550,2015-09-10 00:00:00,55,Balanced,48.0,Normal,49.0,Mixed,Organised,46.0,Normal,54.0,Normal,53.0,Normal,Organised,39,Medium,46.0,Press,42.0,Normal,Cover,51.0,42.333333333333336,46.66666666666667
830,12,8549,2010-02-22 00:00:00,70,Fast,49.0,Little,70.0,Long,Organised,70.0,Risky,70.0,Lots,50.0,Normal,Organised,30,Deep,70.0,Double,30.5,Narrow,Cover,63.333333333333336,43.5,53.41666666666667
831,12,8549,2011-02-22 00:00:00,66,Balanced,49.0,Little,51.0,Mixed,Organised,64.0,Normal,64.0,Normal,48.0,Normal,Organised,54,Medium,44.0,Press,49.0,Normal,Cover,58.666666666666664,49.0,53.83333333333333
832,12,8549,2012-02-22 00:00:00,60,Balanced,49.0,Little,72.0,Long,Organised,40.0,Normal,56.0,Normal,72.0,Lots,Organised,38,Medium,42.0,Press,42.0,Normal,Cover,56.0,40.666666666666664,48.33333333333333
833,12,8549,2013-09-20 00:00:00,60,Balanced,49.0,Little,40.0,Mixed,Organised,40.0,Normal,56.0,Normal,57.0,Normal,Organised,38,Medium,42.0,Press,52.0,Normal,Cover,51.0,44.0,47.5
834,12,8549,2014-09-19 00:00:00,60,Balanced,28.0,Little,56.0,Mixed,Organised,49.0,Normal,56.0,Normal,72.0,Lots,Organised,38,Medium,42.0,Press,42.0,Normal,Cover,59.0,40.666666666666664,49.83333333333333
835,12,8549,2015-09-10 00:00:00,60,Balanced,32.0,Little,46.0,Mixed,Organised,43.0,Normal,55.0,Normal,37.0,Normal,Organised,38,Medium,42.0,Press,42.0,Normal,Cover,45.0,40.666666666666664,42.83333333333333
836,69,9829,2010-02-22 00:00:00,35,Balanced,49.0,Little,55.0,Mixed,Organised,65.0,Normal,55.0,Normal,45.0,Normal,Organised,69,High,65.0,Press,70.0,Wide,Cover,55.0,68.0,61.5
837,69,9829,2011-02-22 00:00:00,65,Balanced,49.0,Little,50.0,Mixed,Organised,65.0,Normal,35.0,Normal,50.0,Normal,Organised,35,Medium,55.0,Press,50.0,Normal,Cover,50.0,46.666666666666664,48.33333333333333
838,69,9829,2012-02-22 00:00:00,52,Balanced,49.0,Little,48.0,Mixed,Organised,37.0,Normal,37.0,Normal,37.0,Normal,Organised,35,Medium,34.0,Press,51.0,Normal,Cover,37.0,40.0,38.5
839,69,9829,2013-09-20 00:00:00,52,Balanced,49.0,Little,48.0,Mixed,Organised,37.0,Normal,37.0,Normal,37.0,Normal,Organised,35,Medium,34.0,Press,51.0,Normal,Cover,37.0,40.0,38.5
840,69,9829,2014-09-19 00:00:00,52,Balanced,68.0,Lots,48.0,Mixed,Organised,37.0,Normal,37.0,Normal,37.0,Normal,Organised,35,Medium,34.0,Press,51.0,Normal,Cover,37.0,40.0,38.5
841,69,9829,2015-09-10 00:00:00,52,Balanced,42.0,Normal,43.0,Mixed,Organised,54.0,Normal,56.0,Normal,28.5,Little,Organised,56,Medium,62.0,Press,51.0,Normal,Cover,46.166666666666664,56.333333333333336,51.25
842,1747,9998,2012-02-22 00:00:00,50,Balanced,49.0,Little,50.0,Mixed,Organised,55.0,Normal,48.0,Normal,46.0,Normal,Organised,46,Medium,45.0,Press,47.0,Normal,Cover,49.666666666666664,46.0,47.83333333333333
843,1747,9998,2013-09-20 00:00:00,50,Balanced,49.0,Little,50.0,Mixed,Organised,55.0,Normal,67.0,Lots,46.0,Normal,Organised,46,Medium,45.0,Press,47.0,Normal,Cover,56.0,46.0,51.0
844,1747,9998,2014-09-19 00:00:00,55,Balanced,50.0,Normal,55.0,Mixed,Organised,55.0,Normal,67.0,Lots,46.0,Normal,Organised,46,Medium,45.0,Press,47.0,Normal,Cover,56.0,46.0,51.0
845,70,10249,2010-02-22 00:00:00,35,Balanced,49.0,Little,35.0,Mixed,Organised,55.0,Normal,35.0,Normal,70.0,Lots,Organised,69,High,70.0,Double,70.0,Wide,Offside Trap,53.333333333333336,69.66666666666667,61.5
846,70,10249,2011-02-22 00:00:00,50,Balanced,49.0,Little,50.0,Mixed,Organised,35.0,Normal,50.0,Normal,50.0,Normal,Organised,35,Medium,55.0,Press,65.0,Normal,Cover,45.0,51.666666666666664,48.33333333333333
847,70,10249,2012-02-22 00:00:00,52,Balanced,49.0,Little,47.0,Mixed,Organised,48.0,Normal,49.0,Normal,52.0,Normal,Organised,34,Medium,43.0,Press,37.0,Normal,Cover,49.666666666666664,38.0,43.83333333333333
848,70,10249,2013-09-20 00:00:00,52,Balanced,49.0,Little,47.0,Mixed,Organised,48.0,Normal,49.0,Normal,52.0,Normal,Organised,34,Medium,43.0,Press,37.0,Normal,Cover,49.666666666666664,38.0,43.83333333333333
849,70,10249,2014-09-19 00:00:00,52,Balanced,58.0,Normal,47.0,Mixed,Organised,48.0,Normal,49.0,Normal,52.0,Normal,Organised,53,Medium,56.0,Press,48.0,Normal,Cover,49.666666666666664,52.333333333333336,51.0
850,70,10249,2015-09-10 00:00:00,54,Balanced,43.0,Normal,65.0,Mixed,Organised,48.0,Normal,49.0,Normal,45.0,Normal,Organised,53,Medium,56.0,Press,48.0,Normal,Cover,47.333333333333336,52.333333333333336,49.833333333333336
851,1900,8348,2013-09-20 00:00:00,38,Balanced,49.0,Little,43.0,Mixed,Organised,51.0,Normal,54.0,Normal,39.0,Normal,Organised,44,Medium,46.0,Press,48.0,Normal,Cover,48.0,46.0,47.0
852,1900,8348,2015-09-10 00:00:00,38,Balanced,58.0,Normal,43.0,Mixed,Organised,51.0,Normal,54.0,Normal,39.0,Normal,Organised,44,Medium,46.0,Press,48.0,Normal,Cover,48.0,46.0,47.0
853,83,9927,2010-02-22 00:00:00,70,Fast,49.0,Little,70.0,Long,Organised,70.0,Risky,70.0,Lots,65.0,Normal,Organised,60,Medium,70.0,Double,70.0,Wide,Cover,68.33333333333333,66.66666666666667,67.5
854,83,9927,2011-02-22 00:00:00,48,Balanced,49.0,Little,49.0,Mixed,Organised,52.0,Normal,52.0,Normal,48.0,Normal,Organised,47,Medium,46.0,Press,48.0,Normal,Cover,50.666666666666664,47.0,48.83333333333333
855,83,9927,2012-02-22 00:00:00,70,Fast,49.0,Little,55.0,Mixed,Organised,40.0,Normal,46.0,Normal,60.0,Normal,Organised,38,Medium,42.0,Press,62.0,Normal,Cover,48.666666666666664,47.333333333333336,48.0
856,83,9927,2013-09-20 00:00:00,67,Fast,49.0,Little,54.0,Mixed,Organised,49.0,Normal,47.0,Normal,58.0,Normal,Organised,39,Medium,43.0,Press,64.0,Normal,Cover,51.333333333333336,48.666666666666664,50.0
857,83,9927,2014-09-19 00:00:00,70,Fast,47.0,Normal,55.0,Mixed,Organised,42.0,Normal,47.0,Normal,60.0,Normal,Organised,41,Medium,43.0,Press,62.0,Normal,Cover,49.666666666666664,48.666666666666664,49.166666666666664
858,83,9927,2015-09-10 00:00:00,64,Balanced,46.0,Normal,55.0,Mixed,Organised,44.0,Normal,45.0,Normal,28.5,Little,Organised,37,Medium,44.0,Press,51.0,Normal,Cover,39.166666666666664,44.0,41.58333333333333
859,111560,274581,2015-09-10 00:00:00,50,Balanced,50.0,Normal,50.0,Mixed,Organised,50.0,Normal,50.0,Normal,50.0,Normal,Organised,45,Medium,45.0,Press,50.0,Normal,Cover,50.0,46.666666666666664,48.33333333333333
860,111560,9996,2015-09-10 00:00:00,50,Balanced,50.0,Normal,50.0,Mixed,Organised,50.0,Normal,50.0,Normal,50.0,Normal,Organised,45,Medium,45.0,Press,50.0,Normal,Cover,50.0,46.666666666666664,48.33333333333333
861,111560,9996,2015-09-10 00:00:00,50,Balanced,50.0,Normal,50.0,Mixed,Organised,50.0,Normal,50.0,Normal,50.0,Normal,Organised,45,Medium,45.0,Press,50.0,Normal,Cover,50.0,46.666666666666664,48.33333333333333
862,1904,9761,2010-02-22 00:00:00,30,Slow,49.0,Little,35.0,Mixed,Organised,35.0,Normal,40.0,Normal,60.0,Normal,Organised,30,Deep,30.0,Contain,30.5,Narrow,Cover,45.0,30.166666666666668,37.583333333333336
863,1904,9761,2011-02-22 00:00:00,33,Slow,49.0,Little,44.0,Mixed,Free Form,35.0,Normal,40.0,Normal,60.0,Normal,Organised,42,Medium,47.0,Press,54.0,Normal,Cover,45.0,47.666666666666664,46.33333333333333
864,1904,9761,2012-02-22 00:00:00,40,Balanced,49.0,Little,48.0,Mixed,Organised,48.0,Normal,47.0,Normal,42.0,Normal,Organised,43,Medium,48.0,Press,50.0,Normal,Cover,45.666666666666664,47.0,46.33333333333333
865,1904,9761,2013-09-20 00:00:00,58,Balanced,49.0,Little,53.0,Mixed,Organised,48.0,Normal,47.0,Normal,46.0,Normal,Organised,43,Medium,48.0,Press,50.0,Normal,Cover,47.0,47.0,47.0
866,1904,9761,2014-09-19 00:00:00,46,Balanced,44.0,Normal,54.0,Mixed,Organised,32.0,Safe,42.0,Normal,42.0,Normal,Organised,43,Medium,39.0,Press,50.0,Normal,Cover,38.666666666666664,44.0,41.33333333333333
867,1904,9761,2015-09-10 00:00:00,45,Balanced,49.0,Normal,59.0,Mixed,Organised,32.0,Safe,42.0,Normal,54.0,Normal,Organised,36,Medium,39.0,Press,40.0,Normal,Cover,42.666666666666664,38.333333333333336,40.5
868,1891,10214,2010-02-22 00:00:00,45,Balanced,49.0,Little,30.0,Short,Organised,60.0,Normal,55.0,Normal,50.0,Normal,Organised,30,Deep,30.0,Contain,30.5,Narrow,Offside Trap,55.0,30.166666666666668,42.583333333333336
869,1891,10214,2011-02-22 00:00:00,47,Balanced,49.0,Little,30.0,Short,Organised,60.0,Normal,55.0,Normal,50.0,Normal,Organised,35,Medium,55.0,Press,48.0,Normal,Cover,55.0,46.0,50.5
870,1891,10214,2012-02-22 00:00:00,41,Balanced,49.0,Little,43.0,Mixed,Organised,53.0,Normal,59.0,Normal,53.0,Normal,Organised,49,Medium,50.0,Press,57.0,Normal,Cover,55.0,52.0,53.5
871,1891,10214,2013-09-20 00:00:00,41,Balanced,49.0,Little,43.0,Mixed,Organised,53.0,Normal,59.0,Normal,53.0,Normal,Organised,49,Medium,50.0,Press,57.0,Normal,Cover,55.0,52.0,53.5
872,1891,10214,2014-09-19 00:00:00,41,Balanced,59.0,Normal,43.0,Mixed,Organised,53.0,Normal,44.0,Normal,53.0,Normal,Organised,42,Medium,42.0,Press,57.0,Normal,Cover,50.0,47.0,48.5
873,1891,10214,2015-09-10 00:00:00,65,Balanced,59.0,Normal,43.0,Mixed,Organised,53.0,Normal,44.0,Normal,53.0,Normal,Organised,42,Medium,42.0,Press,57.0,Normal,Cover,50.0,47.0,48.5
874,1823,8481,2010-02-22 00:00:00,65,Balanced,49.0,Little,40.0,Mixed,Organised,60.0,Normal,70.0,Lots,30.0,Little,Organised,69,High,70.0,Double,70.0,Wide,Cover,53.333333333333336,69.66666666666667,61.5
875,1823,8481,2011-02-22 00:00:00,35,Balanced,49.0,Little,35.0,Mixed,Organised,35.0,Normal,65.0,Normal,35.0,Normal,Organised,35,Medium,55.0,Press,50.0,Normal,Cover,45.0,46.666666666666664,45.83333333333333
876,1823,8481,2012-02-22 00:00:00,49,Balanced,49.0,Little,49.0,Mixed,Organised,52.0,Normal,53.0,Normal,67.0,Lots,Organised,43,Medium,46.0,Press,50.0,Normal,Cover,57.333333333333336,46.333333333333336,51.833333333333336
877,1823,8481,2013-09-20 00:00:00,49,Balanced,49.0,Little,49.0,Mixed,Organised,52.0,Normal,53.0,Normal,67.0,Lots,Organised,43,Medium,46.0,Press,50.0,Normal,Cover,57.333333333333336,46.333333333333336,51.833333333333336
878,1823,8481,2014-09-19 00:00:00,49,Balanced,48.0,Normal,49.0,Mixed,Organised,52.0,Normal,53.0,Normal,67.0,Lots,Organised,43,Medium,46.0,Press,50.0,Normal,Cover,57.333333333333336,46.333333333333336,51.833333333333336
879,1823,8481,2015-09-10 00:00:00,49,Balanced,48.0,Normal,49.0,Mixed,Organised,52.0,Normal,53.0,Normal,67.0,Lots,Organised,43,Medium,46.0,Press,50.0,Normal,Cover,57.333333333333336,46.333333333333336,51.833333333333336
880,71,9830,2010-02-22 00:00:00,55,Balanced,49.0,Little,35.0,Mixed,Organised,60.0,Normal,65.0,Normal,35.0,Normal,Organised,30,Deep,45.0,Press,30.5,Narrow,Cover,53.333333333333336,35.166666666666664,44.25
881,71,9830,2011-02-22 00:00:00,50,Balanced,49.0,Little,50.0,Mixed,Organised,35.0,Normal,50.0,Normal,35.0,Normal,Organised,45,Medium,55.0,Press,50.0,Normal,Cover,40.0,50.0,45.0
882,71,9830,2012-02-22 00:00:00,46,Balanced,49.0,Little,51.0,Mixed,Organised,52.0,Normal,34.0,Normal,49.0,Normal,Organised,47,Medium,43.0,Press,50.0,Normal,Cover,45.0,46.666666666666664,45.83333333333333
883,71,9830,2013-09-20 00:00:00,46,Balanced,49.0,Little,51.0,Mixed,Organised,52.0,Normal,44.0,Normal,49.0,Normal,Organised,47,Medium,51.0,Press,54.0,Normal,Cover,48.333333333333336,50.666666666666664,49.5
884,71,9830,2014-09-19 00:00:00,63,Balanced,53.0,Normal,48.0,Mixed,Organised,52.0,Normal,55.0,Normal,49.0,Normal,Organised,47,Medium,51.0,Press,54.0,Normal,Cover,52.0,50.666666666666664,51.33333333333333
885,71,9830,2015-09-10 00:00:00,63,Balanced,70.0,Lots,56.0,Mixed,Organised,52.0,Normal,55.0,Normal,46.0,Normal,Organised,39,Medium,41.0,Press,52.0,Normal,Cover,51.0,44.0,47.5
886,100737,9809,2010-02-22 00:00:00,30,Slow,49.0,Little,30.0,Short,Organised,45.0,Normal,50.0,Normal,70.0,Lots,Organised,30,Deep,30.0,Contain,30.5,Narrow,Cover,55.0,30.166666666666668,42.583333333333336
887,100737,9809,2011-02-22 00:00:00,50,Balanced,49.0,Little,65.0,Mixed,Organised,35.0,Normal,50.0,Normal,50.0,Normal,Organised,45,Medium,41.0,Press,35.0,Normal,Offside Trap,45.0,40.333333333333336,42.66666666666667
888,1910,8464,2010-02-22 00:00:00,32,Slow,49.0,Little,30.0,Short,Organised,35.0,Normal,40.0,Normal,60.0,Normal,Organised,30,Deep,30.0,Contain,30.5,Narrow,Cover,45.0,30.166666666666668,37.583333333333336
889,1910,8464,2011-02-22 00:00:00,47,Balanced,49.0,Little,46.0,Mixed,Free Form,48.0,Normal,78.0,Lots,32.0,Little,Organised,33,Deep,54.0,Press,31.0,Narrow,Cover,52.666666666666664,39.333333333333336,46.0
890,1910,8464,2012-02-22 00:00:00,46,Balanced,49.0,Little,38.0,Mixed,Organised,39.0,Normal,55.0,Normal,50.0,Normal,Organised,45,Medium,48.0,Press,53.0,Normal,Cover,48.0,48.666666666666664,48.33333333333333
891,1910,8464,2013-09-20 00:00:00,46,Balanced,49.0,Little,41.0,Mixed,Organised,52.0,Normal,37.0,Normal,57.0,Normal,Organised,45,Medium,48.0,Press,53.0,Normal,Cover,48.666666666666664,48.666666666666664,48.666666666666664
892,1910,8464,2014-09-19 00:00:00,49,Balanced,42.0,Normal,59.0,Mixed,Organised,52.0,Normal,49.0,Normal,55.0,Normal,Organised,40,Medium,48.0,Press,53.0,Normal,Cover,52.0,47.0,49.5
893,13,10261,2010-02-22 00:00:00,70,Fast,49.0,Little,60.0,Mixed,Organised,65.0,Normal,70.0,Lots,60.0,Normal,Organised,45,Medium,65.0,Press,45.0,Normal,Cover,65.0,51.666666666666664,58.33333333333333
894,13,10261,2011-02-22 00:00:00,55,Balanced,49.0,Little,50.0,Mixed,Organised,60.0,Normal,50.0,Normal,60.0,Normal,Organised,45,Medium,45.0,Press,50.0,Normal,Cover,56.666666666666664,46.666666666666664,51.666666666666664
895,13,10261,2012-02-22 00:00:00,54,Balanced,49.0,Little,54.0,Mixed,Organised,54.0,Normal,68.0,Lots,48.0,Normal,Organised,52,Medium,48.0,Press,42.0,Normal,Cover,56.666666666666664,47.333333333333336,52.0
896,13,10261,2013-09-20 00:00:00,58,Balanced,49.0,Little,72.0,Long,Organised,48.0,Normal,51.0,Normal,46.0,Normal,Organised,41,Medium,39.0,Press,51.0,Normal,Cover,48.333333333333336,43.666666666666664,46.0
897,13,10261,2014-09-19 00:00:00,54,Balanced,33.0,Little,47.0,Mixed,Organised,47.0,Normal,51.0,Normal,39.0,Normal,Organised,56,Medium,54.0,Press,51.0,Normal,Cover,45.666666666666664,53.666666666666664,49.666666666666664
898,13,10261,2015-09-10 00:00:00,58,Balanced,45.0,Normal,49.0,Mixed,Organised,47.0,Normal,54.0,Normal,46.0,Normal,Organised,41,Medium,39.0,Press,51.0,Normal,Cover,49.0,43.666666666666664,46.33333333333333
899,72,9831,2010-02-22 00:00:00,70,Fast,49.0,Little,70.0,Long,Organised,60.0,Normal,30.0,Little,65.0,Normal,Organised,69,High,70.0,Double,70.0,Wide,Cover,51.666666666666664,69.66666666666667,60.66666666666667
900,72,9831,2011-02-22 00:00:00,50,Balanced,49.0,Little,50.0,Mixed,Organised,50.0,Normal,50.0,Normal,65.0,Normal,Organised,45,Medium,45.0,Press,35.0,Normal,Cover,55.0,41.666666666666664,48.33333333333333
901,72,9831,2012-02-22 00:00:00,48,Balanced,49.0,Little,66.0,Mixed,Organised,49.0,Normal,51.0,Normal,34.0,Normal,Organised,26,Deep,47.0,Press,64.0,Normal,Cover,44.666666666666664,45.666666666666664,45.166666666666664
902,72,9831,2013-09-20 00:00:00,48,Balanced,49.0,Little,66.0,Mixed,Organised,49.0,Normal,66.0,Normal,34.0,Normal,Organised,56,Medium,47.0,Press,64.0,Normal,Cover,49.666666666666664,55.666666666666664,52.666666666666664
903,72,9831,2014-09-19 00:00:00,48,Balanced,61.0,Normal,66.0,Mixed,Organised,49.0,Normal,66.0,Normal,34.0,Normal,Organised,56,Medium,47.0,Press,64.0,Normal,Cover,49.666666666666664,55.666666666666664,52.666666666666664
904,72,9831,2015-09-10 00:00:00,48,Balanced,55.0,Normal,53.0,Mixed,Organised,49.0,Normal,66.0,Normal,38.0,Normal,Organised,57,Medium,47.0,Press,61.0,Normal,Cover,51.0,55.0,53.0
905,1792,9850,2010-02-22 00:00:00,65,Balanced,49.0,Little,70.0,Long,Organised,70.0,Risky,70.0,Lots,55.0,Normal,Organised,60,Medium,70.0,Double,70.0,Wide,Cover,65.0,66.66666666666667,65.83333333333334
906,1792,9850,2011-02-22 00:00:00,49,Balanced,49.0,Little,52.0,Mixed,Organised,48.0,Normal,64.0,Normal,66.0,Normal,Organised,34,Medium,54.0,Press,48.0,Normal,Cover,59.333333333333336,45.333333333333336,52.333333333333336
907,1792,9850,2012-02-22 00:00:00,63,Balanced,49.0,Little,61.0,Mixed,Organised,42.0,Normal,76.0,Lots,62.0,Normal,Organised,40,Medium,50.0,Press,42.0,Normal,Cover,60.0,44.0,52.0
908,1792,9850,2013-09-20 00:00:00,70,Fast,49.0,Little,70.0,Long,Organised,56.0,Normal,67.0,Lots,48.0,Normal,Organised,40,Medium,43.0,Press,53.0,Normal,Cover,57.0,45.333333333333336,51.16666666666667
909,1792,9850,2014-09-19 00:00:00,45,Balanced,28.0,Little,64.0,Mixed,Organised,55.0,Normal,67.0,Lots,42.0,Normal,Organised,40,Medium,43.0,Press,51.0,Normal,Cover,54.666666666666664,44.666666666666664,49.666666666666664
910,1792,9850,2015-09-10 00:00:00,45,Balanced,38.0,Normal,55.0,Mixed,Organised,46.0,Normal,54.0,Normal,47.0,Normal,Organised,38,Medium,39.0,Press,51.0,Normal,Cover,49.0,42.666666666666664,45.83333333333333
911,112225,6269,2011-02-22 00:00:00,53,Balanced,49.0,Little,35.0,Mixed,Organised,50.0,Normal,64.0,Normal,49.0,Normal,Organised,60,Medium,51.0,Press,40.0,Normal,Offside Trap,54.333333333333336,50.333333333333336,52.333333333333336
912,112225,6269,2012-02-22 00:00:00,55,Balanced,49.0,Little,50.0,Mixed,Organised,50.0,Normal,50.0,Normal,50.0,Normal,Organised,35,Medium,45.0,Press,50.0,Normal,Cover,50.0,43.333333333333336,46.66666666666667
913,112225,6269,2013-09-20 00:00:00,66,Balanced,49.0,Little,62.0,Mixed,Organised,56.0,Normal,55.0,Normal,61.0,Normal,Organised,36,Medium,49.0,Press,62.0,Normal,Cover,57.333333333333336,49.0,53.16666666666667
914,112225,6269,2014-09-19 00:00:00,66,Balanced,57.0,Normal,56.0,Mixed,Organised,56.0,Normal,55.0,Normal,57.0,Normal,Organised,36,Medium,49.0,Press,53.0,Normal,Cover,56.0,46.0,51.0
915,171,8165,2010-02-22 00:00:00,45,Balanced,49.0,Little,50.0,Mixed,Organised,40.0,Normal,70.0,Lots,70.0,Lots,Organised,55,Medium,55.0,Press,40.0,Normal,Cover,60.0,50.0,55.0
916,171,8165,2011-02-22 00:00:00,45,Balanced,49.0,Little,50.0,Mixed,Organised,47.0,Normal,45.0,Normal,56.0,Normal,Organised,55,Medium,61.0,Press,46.0,Normal,Cover,49.333333333333336,54.0,51.66666666666667
917,171,8165,2012-02-22 00:00:00,44,Balanced,49.0,Little,49.0,Mixed,Organised,51.0,Normal,49.0,Normal,48.0,Normal,Organised,30,Deep,40.0,Press,43.0,Normal,Cover,49.333333333333336,37.666666666666664,43.5
918,171,8165,2013-09-20 00:00:00,46,Balanced,49.0,Little,49.0,Mixed,Organised,56.0,Normal,54.0,Normal,67.0,Lots,Organised,39,Medium,57.0,Press,44.0,Normal,Cover,59.0,46.666666666666664,52.83333333333333
919,171,8165,2014-09-19 00:00:00,46,Balanced,62.0,Normal,38.0,Mixed,Organised,58.0,Normal,48.0,Normal,55.0,Normal,Organised,51,Medium,50.0,Press,47.0,Normal,Cover,53.666666666666664,49.333333333333336,51.5
920,171,8165,2015-09-10 00:00:00,46,Balanced,58.0,Normal,49.0,Mixed,Organised,51.0,Normal,52.0,Normal,59.0,Normal,Organised,30,Deep,40.0,Press,44.0,Normal,Cover,54.0,38.0,46.0
921,477,8388,2010-02-22 00:00:00,55,Balanced,49.0,Little,40.0,Mixed,Organised,50.0,Normal,55.0,Normal,55.0,Normal,Organised,30,Deep,55.0,Press,55.0,Normal,Offside Trap,53.333333333333336,46.666666666666664,50.0
922,477,8388,2011-02-22 00:00:00,71,Fast,49.0,Little,53.0,Mixed,Organised,38.0,Normal,53.0,Normal,53.0,Normal,Organised,40,Medium,49.0,Press,55.0,Normal,Cover,48.0,48.0,48.0
923,477,8388,2012-02-22 00:00:00,44,Balanced,49.0,Little,45.0,Mixed,Organised,54.0,Normal,41.0,Normal,57.0,Normal,Organised,50,Medium,46.0,Press,62.0,Normal,Cover,50.666666666666664,52.666666666666664,51.666666666666664
924,477,8388,2013-09-20 00:00:00,44,Balanced,49.0,Little,45.0,Mixed,Organised,54.0,Normal,41.0,Normal,57.0,Normal,Organised,50,Medium,46.0,Press,62.0,Normal,Cover,50.666666666666664,52.666666666666664,51.666666666666664
925,477,8388,2014-09-19 00:00:00,44,Balanced,48.0,Normal,45.0,Mixed,Organised,54.0,Normal,41.0,Normal,57.0,Normal,Organised,50,Medium,46.0,Press,62.0,Normal,Cover,50.666666666666664,52.666666666666664,51.666666666666664
926,477,8388,2015-09-10 00:00:00,44,Balanced,48.0,Normal,45.0,Mixed,Organised,54.0,Normal,41.0,Normal,57.0,Normal,Organised,50,Medium,46.0,Press,62.0,Normal,Cover,50.666666666666664,52.666666666666664,51.666666666666664
927,1564,8242,2010-02-22 00:00:00,30,Slow,49.0,Little,45.0,Mixed,Organised,45.0,Normal,40.0,Normal,70.0,Lots,Organised,69,High,70.0,Double,65.0,Normal,Cover,51.666666666666664,68.0,59.83333333333333
928,111540,2033,2010-02-22 00:00:00,45,Balanced,49.0,Little,55.0,Mixed,Organised,50.0,Normal,60.0,Normal,45.0,Normal,Free Form,50,Medium,45.0,Press,60.0,Normal,Cover,51.666666666666664,51.666666666666664,51.666666666666664
929,111540,2033,2011-02-22 00:00:00,65,Balanced,49.0,Little,55.0,Mixed,Organised,50.0,Normal,50.0,Normal,65.0,Normal,Free Form,50,Medium,45.0,Press,35.0,Normal,Cover,55.0,43.333333333333336,49.16666666666667
930,111540,2033,2012-02-22 00:00:00,45,Balanced,49.0,Little,40.0,Mixed,Organised,53.0,Normal,37.0,Normal,44.0,Normal,Organised,37,Medium,27.5,Contain,44.0,Normal,Cover,44.666666666666664,36.166666666666664,40.416666666666664
931,111540,2033,2013-09-20 00:00:00,45,Balanced,49.0,Little,52.0,Mixed,Organised,53.0,Normal,37.0,Normal,43.0,Normal,Free Form,37,Medium,31.0,Contain,44.0,Normal,Cover,44.333333333333336,37.333333333333336,40.833333333333336
932,111540,2033,2014-09-19 00:00:00,45,Balanced,62.0,Normal,40.0,Mixed,Organised,53.0,Normal,37.0,Normal,44.0,Normal,Organised,37,Medium,27.5,Contain,44.0,Normal,Cover,44.666666666666664,36.166666666666664,40.416666666666664
933,682,8573,2014-09-19 00:00:00,52,Balanced,49.0,Normal,54.0,Mixed,Organised,45.0,Normal,42.0,Normal,53.0,Normal,Organised,42,Medium,47.0,Press,44.0,Normal,Cover,46.666666666666664,44.333333333333336,45.5
934,682,8573,2015-09-10 00:00:00,52,Balanced,49.0,Normal,54.0,Mixed,Organised,45.0,Normal,42.0,Normal,53.0,Normal,Organised,42,Medium,47.0,Press,44.0,Normal,Cover,46.666666666666664,44.333333333333336,45.5
935,479,8371,2010-02-22 00:00:00,35,Balanced,49.0,Little,35.0,Mixed,Organised,45.0,Normal,65.0,Normal,55.0,Normal,Free Form,30,Deep,65.0,Press,55.0,Normal,Cover,55.0,50.0,52.5
936,479,8371,2011-02-22 00:00:00,55,Balanced,49.0,Little,54.0,Mixed,Organised,56.0,Normal,69.0,Lots,68.0,Lots,Free Form,48,Medium,61.0,Press,68.0,Wide,Cover,64.33333333333333,59.0,61.666666666666664
937,479,8371,2012-02-22 00:00:00,34,Balanced,49.0,Little,52.0,Mixed,Organised,55.0,Normal,59.0,Normal,54.0,Normal,Organised,47,Medium,52.0,Press,69.0,Wide,Cover,56.0,56.0,56.0
938,479,8371,2013-09-20 00:00:00,38,Balanced,49.0,Little,52.0,Mixed,Organised,55.0,Normal,59.0,Normal,54.0,Normal,Organised,47,Medium,52.0,Press,69.0,Wide,Cover,56.0,56.0,56.0
939,479,8371,2014-09-19 00:00:00,38,Balanced,53.0,Normal,52.0,Mixed,Organised,55.0,Normal,59.0,Normal,54.0,Normal,Organised,47,Medium,52.0,Press,65.0,Normal,Cover,56.0,54.666666666666664,55.33333333333333
940,479,8371,2015-09-10 00:00:00,38,Balanced,53.0,Normal,52.0,Mixed,Organised,55.0,Normal,59.0,Normal,54.0,Normal,Organised,47,Medium,52.0,Press,69.0,Wide,Cover,56.0,56.0,56.0
941,100087,1773,2012-02-22 00:00:00,52,Balanced,49.0,Little,50.0,Mixed,Organised,50.0,Normal,53.0,Normal,54.0,Normal,Organised,43,Medium,44.0,Press,50.0,Normal,Cover,52.333333333333336,45.666666666666664,49.0
942,100087,1773,2013-09-20 00:00:00,52,Balanced,49.0,Little,50.0,Mixed,Organised,50.0,Normal,53.0,Normal,54.0,Normal,Organised,43,Medium,44.0,Press,50.0,Normal,Cover,52.333333333333336,45.666666666666664,49.0
943,100087,1773,2014-09-19 00:00:00,52,Balanced,51.0,Normal,50.0,Mixed,Organised,50.0,Normal,53.0,Normal,54.0,Normal,Organised,43,Medium,44.0,Press,50.0,Normal,Cover,52.333333333333336,45.666666666666664,49.0
944,1892,6403,2010-02-22 00:00:00,30,Slow,49.0,Little,30.0,Short,Organised,50.0,Normal,60.0,Normal,60.0,Normal,Organised,30,Deep,30.0,Contain,30.5,Narrow,Offside Trap,56.666666666666664,30.166666666666668,43.416666666666664
945,1892,6403,2011-02-22 00:00:00,50,Balanced,49.0,Little,50.0,Mixed,Organised,50.0,Normal,49.0,Normal,49.0,Normal,Organised,45,Medium,55.0,Press,50.0,Normal,Offside Trap,49.333333333333336,50.0,49.66666666666667
946,1892,6403,2012-02-22 00:00:00,38,Balanced,49.0,Little,39.0,Mixed,Organised,52.0,Normal,53.0,Normal,52.0,Normal,Organised,36,Medium,39.0,Press,68.0,Wide,Cover,52.333333333333336,47.666666666666664,50.0
947,1892,6403,2013-09-20 00:00:00,50,Balanced,49.0,Little,39.0,Mixed,Organised,52.0,Normal,53.0,Normal,52.0,Normal,Organised,36,Medium,39.0,Press,64.0,Normal,Cover,52.333333333333336,46.333333333333336,49.333333333333336
948,1892,6403,2014-09-19 00:00:00,38,Balanced,40.0,Normal,39.0,Mixed,Organised,52.0,Normal,53.0,Normal,52.0,Normal,Organised,36,Medium,39.0,Press,64.0,Normal,Cover,52.333333333333336,46.333333333333336,49.333333333333336
949,1892,6403,2015-09-10 00:00:00,63,Balanced,40.0,Normal,39.0,Mixed,Organised,64.0,Normal,53.0,Normal,52.0,Normal,Organised,36,Medium,39.0,Press,64.0,Normal,Cover,56.333333333333336,46.333333333333336,51.333333333333336
950,10030,8460,2010-02-22 00:00:00,70,Fast,49.0,Little,49.0,Mixed,Organised,50.0,Normal,34.0,Normal,55.0,Normal,Organised,30,Deep,48.0,Press,30.5,Narrow,Cover,46.333333333333336,36.166666666666664,41.25
951,10030,8460,2011-02-22 00:00:00,52,Balanced,49.0,Little,48.0,Mixed,Organised,49.0,Normal,37.0,Normal,55.0,Normal,Organised,36,Medium,48.0,Press,40.0,Normal,Cover,47.0,41.333333333333336,44.16666666666667
952,10030,8460,2012-02-22 00:00:00,67,Fast,49.0,Little,59.0,Mixed,Organised,52.0,Normal,48.0,Normal,68.0,Lots,Organised,33,Deep,52.0,Press,53.0,Normal,Cover,56.0,46.0,51.0
953,10030,8460,2013-09-20 00:00:00,67,Fast,49.0,Little,59.0,Mixed,Organised,52.0,Normal,48.0,Normal,68.0,Lots,Organised,40,Medium,52.0,Press,53.0,Normal,Cover,56.0,48.333333333333336,52.16666666666667
954,10030,8460,2014-09-19 00:00:00,73,Fast,46.0,Normal,55.0,Mixed,Organised,52.0,Normal,48.0,Normal,63.0,Normal,Organised,33,Deep,55.0,Press,53.0,Normal,Cover,54.333333333333336,47.0,50.66666666666667
955,10030,8460,2015-09-10 00:00:00,67,Fast,46.0,Normal,62.0,Mixed,Organised,56.0,Normal,48.0,Normal,56.0,Normal,Organised,25,Deep,29.0,Contain,54.0,Normal,Cover,53.333333333333336,36.0,44.66666666666667
956,1843,8540,2010-02-22 00:00:00,63,Balanced,49.0,Little,50.0,Mixed,Organised,30.0,Safe,30.0,Little,70.0,Lots,Organised,45,Medium,40.0,Press,60.0,Normal,Cover,43.333333333333336,48.333333333333336,45.833333333333336
957,1843,8540,2011-02-22 00:00:00,65,Balanced,49.0,Little,35.0,Mixed,Free Form,50.0,Normal,65.0,Normal,50.0,Normal,Organised,35,Medium,45.0,Press,50.0,Normal,Cover,55.0,43.333333333333336,49.16666666666667
958,1843,8540,2012-02-22 00:00:00,60,Balanced,49.0,Little,40.0,Mixed,Organised,50.0,Normal,35.0,Normal,65.0,Normal,Organised,45,Medium,45.0,Press,50.0,Normal,Cover,50.0,46.666666666666664,48.33333333333333
959,1843,8540,2013-09-20 00:00:00,66,Balanced,49.0,Little,37.0,Mixed,Free Form,56.0,Normal,34.0,Normal,63.0,Normal,Free Form,43,Medium,42.0,Press,48.0,Normal,Cover,51.0,44.333333333333336,47.66666666666667
960,1843,8540,2014-09-19 00:00:00,66,Balanced,55.0,Normal,37.0,Mixed,Organised,56.0,Normal,34.0,Normal,63.0,Normal,Organised,43,Medium,42.0,Press,48.0,Normal,Cover,51.0,44.333333333333336,47.66666666666667
961,1843,8540,2015-09-10 00:00:00,66,Balanced,66.0,Normal,36.0,Mixed,Organised,60.0,Normal,34.0,Normal,64.0,Normal,Organised,44,Medium,58.0,Press,50.0,Normal,Cover,52.666666666666664,50.666666666666664,51.666666666666664
962,73,9847,2010-02-22 00:00:00,50,Balanced,49.0,Little,65.0,Mixed,Organised,40.0,Normal,65.0,Normal,55.0,Normal,Organised,69,High,70.0,Double,70.0,Wide,Offside Trap,53.333333333333336,69.66666666666667,61.5
963,73,9847,2011-02-22 00:00:00,35,Balanced,49.0,Little,35.0,Mixed,Organised,35.0,Normal,35.0,Normal,50.0,Normal,Organised,45,Medium,55.0,Press,65.0,Normal,Cover,40.0,55.0,47.5
964,73,9847,2012-02-22 00:00:00,49,Balanced,49.0,Little,41.0,Mixed,Organised,62.0,Normal,52.0,Normal,60.0,Normal,Organised,49,Medium,46.0,Press,52.0,Normal,Cover,58.0,49.0,53.5
965,73,9847,2013-09-20 00:00:00,49,Balanced,49.0,Little,41.0,Mixed,Organised,62.0,Normal,52.0,Normal,60.0,Normal,Organised,49,Medium,46.0,Press,52.0,Normal,Cover,58.0,49.0,53.5
966,73,9847,2014-09-19 00:00:00,49,Balanced,70.0,Lots,55.0,Mixed,Organised,62.0,Normal,61.0,Normal,68.0,Lots,Organised,57,Medium,53.0,Press,56.0,Normal,Cover,63.666666666666664,55.333333333333336,59.5
967,73,9847,2015-09-10 00:00:00,49,Balanced,47.0,Normal,34.0,Mixed,Organised,62.0,Normal,61.0,Normal,35.0,Normal,Organised,57,Medium,53.0,Press,56.0,Normal,Cover,52.666666666666664,55.333333333333336,54.0
968,50,10167,2010-02-22 00:00:00,30,Slow,49.0,Little,30.0,Short,Free Form,40.0,Normal,60.0,Normal,70.0,Lots,Free Form,45,Medium,30.0,Contain,70.0,Wide,Offside Trap,56.666666666666664,48.333333333333336,52.5
969,50,10167,2011-02-22 00:00:00,50,Balanced,49.0,Little,30.0,Short,Organised,48.0,Normal,55.0,Normal,65.0,Normal,Organised,45,Medium,47.0,Press,50.0,Normal,Cover,56.0,47.333333333333336,51.66666666666667
970,50,10167,2012-02-22 00:00:00,45,Balanced,49.0,Little,35.0,Mixed,Organised,50.0,Normal,65.0,Normal,50.0,Normal,Organised,45,Medium,45.0,Press,50.0,Normal,Offside Trap,55.0,46.666666666666664,50.83333333333333
971,50,10167,2013-09-20 00:00:00,48,Balanced,49.0,Little,33.0,Short,Organised,46.0,Normal,62.0,Normal,45.0,Normal,Organised,39,Medium,43.0,Press,46.0,Normal,Cover,51.0,42.666666666666664,46.83333333333333
972,50,10167,2014-09-19 00:00:00,48,Balanced,71.0,Lots,33.0,Short,Organised,69.0,Risky,62.0,Normal,45.0,Normal,Organised,54,Medium,66.0,Press,46.0,Normal,Offside Trap,58.666666666666664,55.333333333333336,57.0
973,50,10167,2015-09-10 00:00:00,48,Balanced,66.0,Normal,33.0,Short,Organised,69.0,Risky,62.0,Normal,45.0,Normal,Organised,43,Medium,43.0,Press,46.0,Normal,Cover,58.666666666666664,44.0,51.33333333333333
974,1754,8426,2014-09-19 00:00:00,48,Balanced,50.0,Normal,37.0,Mixed,Organised,49.0,Normal,50.0,Normal,52.0,Normal,Organised,47,Medium,44.0,Press,52.0,Normal,Cover,50.333333333333336,47.666666666666664,49.0
975,1754,8426,2015-09-10 00:00:00,48,Balanced,48.0,Normal,47.0,Mixed,Organised,47.0,Normal,53.0,Normal,60.0,Normal,Organised,46,Medium,46.0,Press,49.0,Normal,Cover,53.333333333333336,47.0,50.16666666666667
976,1914,6413,2013-09-20 00:00:00,47,Balanced,49.0,Little,49.0,Mixed,Organised,50.0,Normal,50.0,Normal,54.0,Normal,Organised,46,Medium,44.0,Press,51.0,Normal,Cover,51.333333333333336,47.0,49.16666666666667
977,1914,6413,2014-09-19 00:00:00,57,Balanced,41.0,Normal,39.0,Mixed,Organised,57.0,Normal,50.0,Normal,54.0,Normal,Organised,58,Medium,60.0,Press,63.0,Normal,Cover,53.666666666666664,60.333333333333336,57.0
978,1914,6413,2015-09-10 00:00:00,45,Balanced,35.0,Normal,56.0,Mixed,Organised,57.0,Normal,50.0,Normal,58.0,Normal,Organised,58,Medium,60.0,Press,63.0,Normal,Cover,55.0,60.333333333333336,57.66666666666667
979,100741,6547,2015-09-10 00:00:00,54,Balanced,54.0,Normal,39.0,Mixed,Organised,52.0,Normal,56.0,Normal,38.0,Normal,Organised,40,Medium,35.0,Press,46.0,Normal,Cover,48.666666666666664,40.333333333333336,44.5
980,200,9878,2011-02-22 00:00:00,50,Balanced,49.0,Little,60.0,Mixed,Organised,35.0,Normal,50.0,Normal,35.0,Normal,Organised,35,Medium,60.0,Press,50.0,Normal,Cover,40.0,48.333333333333336,44.16666666666667
981,200,9878,2012-02-22 00:00:00,65,Balanced,49.0,Little,65.0,Mixed,Organised,65.0,Normal,50.0,Normal,65.0,Normal,Organised,45,Medium,45.0,Press,35.0,Normal,Cover,60.0,41.666666666666664,50.83333333333333
982,200,9878,2013-09-20 00:00:00,55,Balanced,49.0,Little,40.0,Mixed,Organised,58.0,Normal,47.0,Normal,36.0,Normal,Free Form,44,Medium,48.0,Press,48.0,Normal,Cover,47.0,46.666666666666664,46.83333333333333
983,200,9878,2014-09-19 00:00:00,64,Balanced,52.0,Normal,36.0,Mixed,Organised,51.0,Normal,64.0,Normal,54.0,Normal,Organised,26,Deep,46.0,Press,48.0,Normal,Cover,56.333333333333336,40.0,48.16666666666667
984,200,9878,2015-09-10 00:00:00,64,Balanced,31.0,Little,53.0,Mixed,Organised,41.0,Normal,49.0,Normal,41.0,Normal,Organised,39,Medium,46.0,Press,43.0,Normal,Cover,43.666666666666664,42.666666666666664,43.166666666666664
985,111086,8028,2010-02-22 00:00:00,30,Slow,49.0,Little,45.0,Mixed,Organised,45.0,Normal,35.0,Normal,70.0,Lots,Organised,65,Medium,70.0,Double,60.0,Normal,Cover,50.0,65.0,57.5
986,111086,8028,2013-09-20 00:00:00,30,Slow,49.0,Little,46.0,Mixed,Organised,48.0,Normal,37.0,Normal,39.0,Normal,Organised,32,Deep,45.0,Press,48.0,Normal,Cover,41.333333333333336,41.666666666666664,41.5
987,111086,8028,2014-09-19 00:00:00,64,Balanced,52.0,Normal,67.0,Long,Organised,64.0,Normal,66.0,Normal,39.0,Normal,Organised,36,Medium,45.0,Press,48.0,Normal,Cover,56.333333333333336,43.0,49.66666666666667
988,111086,8028,2015-09-10 00:00:00,64,Balanced,52.0,Normal,67.0,Long,Organised,64.0,Normal,66.0,Normal,39.0,Normal,Organised,36,Medium,45.0,Press,48.0,Normal,Cover,56.333333333333336,43.0,49.66666666666667
989,111087,8033,2012-02-22 00:00:00,54,Balanced,49.0,Little,51.0,Mixed,Organised,48.0,Normal,47.0,Normal,42.0,Normal,Organised,47,Medium,57.0,Press,48.0,Normal,Cover,45.666666666666664,50.666666666666664,48.166666666666664
990,111087,8033,2013-09-20 00:00:00,54,Balanced,49.0,Little,51.0,Mixed,Organised,48.0,Normal,47.0,Normal,42.0,Normal,Organised,47,Medium,57.0,Press,48.0,Normal,Cover,45.666666666666664,50.666666666666664,48.166666666666664
991,111087,8033,2014-09-19 00:00:00,72,Fast,55.0,Normal,66.0,Mixed,Organised,66.0,Normal,51.0,Normal,49.0,Normal,Organised,29,Deep,35.0,Press,38.0,Normal,Cover,55.333333333333336,34.0,44.66666666666667
992,111087,8033,2015-09-10 00:00:00,68,Fast,55.0,Normal,66.0,Mixed,Organised,66.0,Normal,51.0,Normal,49.0,Normal,Organised,29,Deep,35.0,Press,38.0,Normal,Cover,55.333333333333336,34.0,44.66666666666667
993,110746,8023,2013-09-20 00:00:00,67,Fast,49.0,Little,54.0,Mixed,Organised,56.0,Normal,62.0,Normal,67.0,Lots,Organised,47,Medium,47.0,Press,63.0,Normal,Cover,61.666666666666664,52.333333333333336,57.0
994,110746,8023,2014-09-19 00:00:00,50,Balanced,48.0,Normal,36.0,Mixed,Free Form,52.0,Normal,36.0,Normal,52.0,Normal,Organised,50,Medium,60.0,Press,47.0,Normal,Cover,46.666666666666664,52.333333333333336,49.5
995,110746,8023,2015-09-10 00:00:00,50,Balanced,33.0,Little,36.0,Mixed,Organised,52.0,Normal,40.0,Normal,52.0,Normal,Organised,57,Medium,54.0,Press,47.0,Normal,Cover,48.0,52.666666666666664,50.33333333333333
996,111429,8031,2010-02-22 00:00:00,30,Slow,49.0,Little,50.0,Mixed,Organised,45.0,Normal,35.0,Normal,70.0,Lots,Organised,60,Medium,70.0,Double,55.0,Normal,Cover,50.0,61.666666666666664,55.83333333333333
997,111429,8031,2011-02-22 00:00:00,46,Balanced,49.0,Little,38.0,Mixed,Organised,36.0,Normal,33.0,Little,53.0,Normal,Organised,53,Medium,54.0,Press,55.0,Normal,Cover,40.666666666666664,54.0,47.33333333333333
998,1570,2183,2010-02-22 00:00:00,30,Slow,49.0,Little,40.0,Mixed,Organised,45.0,Normal,40.0,Normal,70.0,Lots,Organised,55,Medium,65.0,Press,55.0,Normal,Cover,51.666666666666664,58.333333333333336,55.0
999,1570,2183,2011-02-22 00:00:00,33,Slow,49.0,Little,47.0,Mixed,Organised,69.0,Risky,40.0,Normal,53.0,Normal,Organised,55,Medium,34.0,Press,51.0,Normal,Cover,54.0,46.666666666666664,50.33333333333333
1000,1570,2183,2012-02-22 00:00:00,34,Balanced,49.0,Little,45.0,Mixed,Organised,39.0,Normal,67.0,Lots,74.0,Lots,Organised,31,Deep,32.0,Contain,50.0,Normal,Cover,60.0,37.666666666666664,48.83333333333333
1001,1570,2183,2013-09-20 00:00:00,34,Balanced,49.0,Little,45.0,Mixed,Organised,39.0,Normal,52.0,Normal,40.0,Normal,Organised,57,Medium,32.0,Contain,50.0,Normal,Cover,43.666666666666664,46.333333333333336,45.0
1002,1790,8462,2010-02-22 00:00:00,70,Fast,49.0,Little,70.0,Long,Organised,70.0,Risky,70.0,Lots,55.0,Normal,Organised,40,Medium,70.0,Double,40.0,Normal,Cover,65.0,50.0,57.5
1003,1790,8462,2011-02-22 00:00:00,36,Balanced,49.0,Little,48.0,Mixed,Organised,48.0,Normal,66.0,Normal,51.0,Normal,Organised,36,Medium,44.0,Press,48.0,Normal,Cover,55.0,42.666666666666664,48.83333333333333
1004,1790,8462,2012-02-22 00:00:00,64,Balanced,49.0,Little,59.0,Mixed,Organised,40.0,Normal,42.0,Normal,56.0,Normal,Organised,49,Medium,51.0,Press,44.0,Normal,Cover,46.0,48.0,47.0
1005,1790,8462,2013-09-20 00:00:00,68,Fast,49.0,Little,62.0,Mixed,Organised,40.0,Normal,47.0,Normal,56.0,Normal,Organised,49,Medium,51.0,Press,44.0,Normal,Cover,47.666666666666664,48.0,47.83333333333333
1006,1790,8462,2014-09-19 00:00:00,59,Balanced,32.0,Little,57.0,Mixed,Organised,49.0,Normal,47.0,Normal,53.0,Normal,Organised,39,Medium,40.0,Press,44.0,Normal,Cover,49.666666666666664,41.0,45.33333333333333
1007,1790,8462,2015-09-10 00:00:00,59,Balanced,32.0,Little,57.0,Mixed,Organised,49.0,Normal,47.0,Normal,53.0,Normal,Organised,39,Medium,40.0,Press,44.0,Normal,Cover,49.666666666666664,41.0,45.33333333333333
1008,247,8640,2010-02-22 00:00:00,30,Slow,49.0,Little,30.0,Short,Organised,33.0,Safe,52.0,Normal,70.0,Lots,Organised,30,Deep,30.0,Contain,30.5,Narrow,Cover,51.666666666666664,30.166666666666668,40.916666666666664
1009,247,8640,2011-02-22 00:00:00,63,Balanced,49.0,Little,30.0,Short,Organised,67.0,Risky,65.0,Normal,68.0,Lots,Free Form,57,Medium,37.0,Press,64.0,Normal,Offside Trap,66.66666666666667,52.666666666666664,59.66666666666667
1010,247,8640,2012-02-22 00:00:00,33,Slow,49.0,Little,42.0,Mixed,Organised,40.0,Normal,55.0,Normal,48.0,Normal,Organised,43,Medium,30.0,Contain,48.0,Normal,Cover,47.666666666666664,40.333333333333336,44.0
1011,247,8640,2013-09-20 00:00:00,54,Balanced,49.0,Little,45.0,Mixed,Organised,55.0,Normal,58.0,Normal,55.0,Normal,Organised,43,Medium,50.0,Press,48.0,Normal,Cover,56.0,47.0,51.5
1012,247,8640,2014-09-19 00:00:00,67,Fast,35.0,Normal,40.0,Mixed,Organised,53.0,Normal,53.0,Normal,55.0,Normal,Organised,50,Medium,62.0,Press,55.0,Normal,Cover,53.666666666666664,55.666666666666664,54.666666666666664
1013,247,8640,2015-09-10 00:00:00,67,Fast,43.0,Normal,43.0,Mixed,Organised,53.0,Normal,44.0,Normal,28.5,Little,Organised,40,Medium,40.0,Press,48.0,Normal,Cover,41.833333333333336,42.666666666666664,42.25
1014,15,10172,2010-02-22 00:00:00,70,Fast,49.0,Little,70.0,Long,Organised,70.0,Risky,70.0,Lots,70.0,Lots,Organised,69,High,70.0,Double,70.0,Wide,Cover,70.0,69.66666666666667,69.83333333333334
1015,15,10172,2011-02-22 00:00:00,51,Balanced,49.0,Little,49.0,Mixed,Organised,36.0,Normal,48.0,Normal,52.0,Normal,Organised,44,Medium,43.0,Press,40.0,Normal,Cover,45.333333333333336,42.333333333333336,43.833333333333336
1016,15,10172,2012-02-22 00:00:00,57,Balanced,49.0,Little,58.0,Mixed,Organised,60.0,Normal,48.0,Normal,48.0,Normal,Organised,42,Medium,51.0,Press,44.0,Normal,Cover,52.0,45.666666666666664,48.83333333333333
1017,15,10172,2013-09-20 00:00:00,58,Balanced,49.0,Little,54.0,Mixed,Organised,53.0,Normal,39.0,Normal,54.0,Normal,Organised,49,Medium,47.0,Press,44.0,Normal,Cover,48.666666666666664,46.666666666666664,47.666666666666664
1018,15,10172,2014-09-19 00:00:00,52,Balanced,36.0,Normal,53.0,Mixed,Organised,53.0,Normal,54.0,Normal,54.0,Normal,Organised,50,Medium,44.0,Press,54.0,Normal,Cover,53.666666666666664,49.333333333333336,51.5
1019,15,10172,2015-09-10 00:00:00,30,Slow,39.0,Normal,61.0,Mixed,Organised,53.0,Normal,53.0,Normal,60.0,Normal,Organised,50,Medium,44.0,Press,54.0,Normal,Cover,55.333333333333336,49.333333333333336,52.333333333333336
1020,456,8696,2010-02-22 00:00:00,45,Balanced,49.0,Little,55.0,Mixed,Organised,70.0,Risky,70.0,Lots,65.0,Normal,Free Form,45,Medium,55.0,Press,50.0,Normal,Cover,68.33333333333333,50.0,59.166666666666664
1021,456,8696,2011-02-22 00:00:00,53,Balanced,49.0,Little,56.0,Mixed,Organised,73.0,Risky,72.0,Lots,39.0,Normal,Organised,47,Medium,37.0,Press,53.0,Normal,Cover,61.333333333333336,45.666666666666664,53.5
1022,456,8696,2012-02-22 00:00:00,43,Balanced,49.0,Little,44.0,Mixed,Organised,61.0,Normal,71.0,Lots,50.0,Normal,Organised,50,Medium,50.0,Press,68.0,Wide,Cover,60.666666666666664,56.0,58.33333333333333
1023,456,8696,2013-09-20 00:00:00,47,Balanced,49.0,Little,44.0,Mixed,Organised,61.0,Normal,71.0,Lots,50.0,Normal,Organised,50,Medium,50.0,Press,68.0,Wide,Cover,60.666666666666664,56.0,58.33333333333333
1024,456,8696,2015-09-10 00:00:00,48,Balanced,52.0,Normal,47.0,Mixed,Organised,53.0,Normal,53.0,Normal,53.0,Normal,Organised,51,Medium,47.0,Press,53.0,Normal,Cover,53.0,50.333333333333336,51.66666666666667
1025,86,8548,2010-02-22 00:00:00,65,Balanced,49.0,Little,50.0,Mixed,Organised,70.0,Risky,70.0,Lots,70.0,Lots,Organised,60,Medium,70.0,Double,70.0,Wide,Cover,70.0,66.66666666666667,68.33333333333334
1026,86,8548,2011-02-22 00:00:00,51,Balanced,49.0,Little,33.0,Short,Organised,48.0,Normal,67.0,Lots,79.0,Lots,Organised,46,Medium,47.0,Press,51.0,Normal,Cover,64.66666666666667,48.0,56.333333333333336
1027,86,8548,2012-02-22 00:00:00,45,Balanced,49.0,Little,45.0,Mixed,Organised,38.0,Normal,62.0,Normal,60.0,Normal,Organised,48,Medium,48.0,Press,62.0,Normal,Cover,53.333333333333336,52.666666666666664,53.0
1028,86,8548,2013-09-20 00:00:00,55,Balanced,49.0,Little,45.0,Mixed,Organised,38.0,Normal,52.0,Normal,60.0,Normal,Organised,48,Medium,48.0,Press,52.0,Normal,Cover,50.0,49.333333333333336,49.66666666666667
1029,86,8548,2014-09-19 00:00:00,45,Balanced,49.0,Normal,45.0,Mixed,Organised,38.0,Normal,62.0,Normal,60.0,Normal,Organised,48,Medium,48.0,Press,62.0,Normal,Cover,53.333333333333336,52.666666666666664,53.0
1030,86,8548,2015-09-10 00:00:00,45,Balanced,53.0,Normal,55.0,Mixed,Organised,38.0,Normal,62.0,Normal,53.0,Normal,Organised,48,Medium,48.0,Press,55.0,Normal,Cover,51.0,50.333333333333336,50.66666666666667
1031,480,8370,2010-02-22 00:00:00,40,Balanced,49.0,Little,30.0,Short,Organised,35.0,Normal,50.0,Normal,70.0,Lots,Organised,30,Deep,50.0,Press,40.0,Normal,Offside Trap,51.666666666666664,40.0,45.83333333333333
1032,480,8370,2011-02-22 00:00:00,53,Balanced,49.0,Little,55.0,Mixed,Organised,44.0,Normal,56.0,Normal,61.0,Normal,Organised,58,Medium,52.0,Press,68.0,Wide,Cover,53.666666666666664,59.333333333333336,56.5
1033,480,8370,2012-02-22 00:00:00,41,Balanced,49.0,Little,44.0,Mixed,Organised,44.0,Normal,44.0,Normal,47.0,Normal,Organised,63,Medium,51.0,Press,59.0,Normal,Cover,45.0,57.666666666666664,51.33333333333333
1034,480,8370,2013-09-20 00:00:00,45,Balanced,49.0,Little,44.0,Mixed,Free Form,44.0,Normal,44.0,Normal,47.0,Normal,Organised,63,Medium,51.0,Press,59.0,Normal,Cover,45.0,57.666666666666664,51.33333333333333
1035,480,8370,2014-09-19 00:00:00,45,Balanced,52.0,Normal,44.0,Mixed,Organised,44.0,Normal,44.0,Normal,47.0,Normal,Organised,63,Medium,51.0,Press,59.0,Normal,Cover,45.0,57.666666666666664,51.33333333333333
1036,480,8370,2015-09-10 00:00:00,29,Slow,52.0,Normal,44.0,Mixed,Organised,44.0,Normal,44.0,Normal,47.0,Normal,Organised,54,Medium,52.0,Press,63.0,Normal,Cover,45.0,56.333333333333336,50.66666666666667
1037,1793,9798,2010-02-22 00:00:00,70,Fast,49.0,Little,70.0,Long,Organised,70.0,Risky,70.0,Lots,70.0,Lots,Organised,69,High,60.0,Press,70.0,Wide,Cover,70.0,66.33333333333333,68.16666666666666
1038,1793,9798,2011-02-22 00:00:00,49,Balanced,49.0,Little,36.0,Mixed,Organised,57.0,Normal,73.0,Lots,55.0,Normal,Organised,49,Medium,31.0,Contain,67.0,Wide,Cover,61.666666666666664,49.0,55.33333333333333
1039,1793,9798,2012-02-22 00:00:00,49,Balanced,49.0,Little,49.0,Mixed,Organised,46.0,Normal,58.0,Normal,56.0,Normal,Organised,49,Medium,51.0,Press,45.0,Normal,Cover,53.333333333333336,48.333333333333336,50.833333333333336
1040,1793,9798,2013-09-20 00:00:00,49,Balanced,49.0,Little,61.0,Mixed,Organised,55.0,Normal,58.0,Normal,37.0,Normal,Organised,39,Medium,44.0,Press,52.0,Normal,Cover,50.0,45.0,47.5
1041,1793,9798,2014-09-19 00:00:00,44,Balanced,26.0,Little,72.0,Long,Organised,71.0,Risky,39.0,Normal,37.0,Normal,Organised,58,Medium,52.0,Press,52.0,Normal,Cover,49.0,54.0,51.5
1042,1793,9798,2015-09-10 00:00:00,44,Balanced,36.0,Normal,64.0,Mixed,Organised,62.0,Normal,65.0,Normal,42.0,Normal,Organised,51,Medium,47.0,Press,52.0,Normal,Cover,56.333333333333336,50.0,53.16666666666667
1043,449,8603,2010-02-22 00:00:00,45,Balanced,49.0,Little,45.0,Mixed,Organised,30.0,Safe,50.0,Normal,55.0,Normal,Free Form,50,Medium,45.0,Press,55.0,Normal,Offside Trap,45.0,50.0,47.5
1044,449,8603,2011-02-22 00:00:00,37,Balanced,49.0,Little,51.0,Mixed,Organised,68.0,Risky,66.0,Normal,72.0,Lots,Free Form,42,Medium,40.0,Press,53.0,Normal,Cover,68.66666666666667,45.0,56.833333333333336
1045,449,8603,2012-02-22 00:00:00,55,Balanced,49.0,Little,37.0,Mixed,Organised,59.0,Normal,43.0,Normal,53.0,Normal,Organised,58,Medium,49.0,Press,58.0,Normal,Cover,51.666666666666664,55.0,53.33333333333333
1046,449,8603,2013-09-20 00:00:00,59,Balanced,49.0,Little,37.0,Mixed,Organised,59.0,Normal,43.0,Normal,53.0,Normal,Organised,58,Medium,49.0,Press,58.0,Normal,Cover,51.666666666666664,55.0,53.33333333333333
1047,449,8603,2014-09-19 00:00:00,59,Balanced,49.0,Normal,37.0,Mixed,Organised,59.0,Normal,43.0,Normal,53.0,Normal,Organised,58,Medium,49.0,Press,58.0,Normal,Cover,51.666666666666664,55.0,53.33333333333333
1048,449,8603,2015-09-10 00:00:00,59,Balanced,49.0,Normal,37.0,Mixed,Organised,59.0,Normal,43.0,Normal,53.0,Normal,Organised,58,Medium,49.0,Press,58.0,Normal,Cover,51.666666666666664,55.0,53.33333333333333
1049,243,8633,2010-02-22 00:00:00,55,Balanced,49.0,Little,30.0,Short,Free Form,70.0,Risky,60.0,Normal,70.0,Lots,Free Form,65,Medium,40.0,Press,65.0,Normal,Offside Trap,66.66666666666667,56.666666666666664,61.66666666666667
1050,243,8633,2011-02-22 00:00:00,54,Balanced,49.0,Little,39.0,Mixed,Free Form,67.0,Risky,60.0,Normal,67.0,Lots,Free Form,68,High,55.0,Press,55.0,Normal,Cover,64.66666666666667,59.333333333333336,62.0
1051,243,8633,2012-02-22 00:00:00,45,Balanced,49.0,Little,35.0,Mixed,Free Form,71.0,Risky,54.0,Normal,73.0,Lots,Free Form,49,Medium,60.0,Press,68.0,Wide,Cover,66.0,59.0,62.5
1052,243,8633,2013-09-20 00:00:00,50,Balanced,49.0,Little,41.0,Mixed,Organised,68.0,Risky,54.0,Normal,72.0,Lots,Free Form,39,Medium,49.0,Press,65.0,Normal,Cover,64.66666666666667,51.0,57.833333333333336
1053,243,8633,2014-09-19 00:00:00,50,Balanced,54.0,Normal,41.0,Mixed,Organised,68.0,Risky,54.0,Normal,69.0,Lots,Free Form,39,Medium,49.0,Press,65.0,Normal,Cover,63.666666666666664,51.0,57.33333333333333
1054,243,8633,2015-09-10 00:00:00,50,Balanced,57.0,Normal,46.0,Mixed,Free Form,61.0,Normal,41.0,Normal,63.0,Normal,Free Form,52,Medium,60.0,Press,63.0,Normal,Cover,55.0,58.333333333333336,56.66666666666667
1055,457,8560,2010-02-22 00:00:00,40,Balanced,49.0,Little,30.0,Short,Free Form,50.0,Normal,40.0,Normal,70.0,Lots,Organised,45,Medium,30.0,Contain,35.0,Normal,Offside Trap,53.333333333333336,36.666666666666664,45.0
1056,457,8560,2011-02-22 00:00:00,54,Balanced,49.0,Little,43.0,Mixed,Organised,54.0,Normal,51.0,Normal,60.0,Normal,Organised,49,Medium,49.0,Press,51.0,Normal,Cover,55.0,49.666666666666664,52.33333333333333
1057,457,8560,2012-02-22 00:00:00,24,Slow,49.0,Little,36.0,Mixed,Organised,60.0,Normal,52.0,Normal,59.0,Normal,Organised,48,Medium,53.0,Press,70.0,Wide,Cover,57.0,57.0,57.0
1058,457,8560,2013-09-20 00:00:00,28,Slow,49.0,Little,36.0,Mixed,Organised,60.0,Normal,52.0,Normal,59.0,Normal,Organised,48,Medium,53.0,Press,70.0,Wide,Cover,57.0,57.0,57.0
1059,457,8560,2014-09-19 00:00:00,35,Balanced,52.0,Normal,36.0,Mixed,Organised,60.0,Normal,52.0,Normal,59.0,Normal,Organised,48,Medium,53.0,Press,65.0,Normal,Cover,57.0,55.333333333333336,56.16666666666667
1060,457,8560,2015-09-10 00:00:00,60,Balanced,52.0,Normal,50.0,Mixed,Organised,54.0,Normal,60.0,Normal,52.0,Normal,Organised,49,Medium,53.0,Press,53.0,Normal,Cover,55.333333333333336,51.666666666666664,53.5
1061,571,8479,2010-02-22 00:00:00,50,Balanced,49.0,Little,40.0,Mixed,Organised,40.0,Normal,40.0,Normal,50.0,Normal,Organised,35,Medium,55.0,Press,40.0,Normal,Cover,43.333333333333336,43.333333333333336,43.333333333333336
1062,571,8479,2011-02-22 00:00:00,45,Balanced,49.0,Little,58.0,Mixed,Organised,41.0,Normal,42.0,Normal,52.0,Normal,Organised,39,Medium,39.0,Press,66.0,Normal,Cover,45.0,48.0,46.5
1063,571,8479,2012-02-22 00:00:00,41,Balanced,49.0,Little,54.0,Mixed,Organised,67.0,Risky,50.0,Normal,28.5,Little,Organised,40,Medium,49.0,Press,62.0,Normal,Cover,48.5,50.333333333333336,49.41666666666667
1064,571,8479,2013-09-20 00:00:00,41,Balanced,49.0,Little,54.0,Mixed,Organised,45.0,Normal,50.0,Normal,28.5,Little,Organised,40,Medium,49.0,Press,62.0,Normal,Cover,41.166666666666664,50.333333333333336,45.75
1065,571,8479,2014-09-19 00:00:00,41,Balanced,53.0,Normal,54.0,Mixed,Organised,45.0,Normal,50.0,Normal,35.0,Normal,Organised,40,Medium,49.0,Press,62.0,Normal,Cover,43.333333333333336,50.333333333333336,46.833333333333336
1066,571,8479,2015-09-10 00:00:00,37,Balanced,38.0,Normal,43.0,Mixed,Organised,30.0,Safe,42.0,Normal,37.0,Normal,Organised,40,Medium,49.0,Press,54.0,Normal,Cover,36.333333333333336,47.666666666666664,42.0
1067,203,8690,2010-02-22 00:00:00,55,Balanced,49.0,Little,30.0,Short,Organised,30.0,Safe,30.0,Little,70.0,Lots,Organised,40,Medium,50.0,Press,50.0,Normal,Cover,43.333333333333336,46.666666666666664,45.0
1068,203,8690,2011-02-22 00:00:00,55,Balanced,49.0,Little,30.0,Short,Organised,30.0,Safe,30.0,Little,49.0,Normal,Organised,40,Medium,50.0,Press,50.0,Normal,Cover,36.333333333333336,46.666666666666664,41.5
1069,203,8690,2012-02-22 00:00:00,50,Balanced,49.0,Little,50.0,Mixed,Organised,50.0,Normal,65.0,Normal,50.0,Normal,Organised,35,Medium,45.0,Press,50.0,Normal,Cover,55.0,43.333333333333336,49.16666666666667
1070,203,8690,2013-09-20 00:00:00,52,Balanced,49.0,Little,56.0,Mixed,Organised,57.0,Normal,74.0,Lots,55.0,Normal,Organised,38,Medium,48.0,Press,52.0,Normal,Cover,62.0,46.0,54.0
1071,203,8690,2014-09-19 00:00:00,52,Balanced,55.0,Normal,56.0,Mixed,Organised,57.0,Normal,74.0,Lots,53.0,Normal,Organised,38,Medium,48.0,Press,52.0,Normal,Cover,61.333333333333336,46.0,53.66666666666667
1072,379,9837,2011-02-22 00:00:00,35,Balanced,49.0,Little,50.0,Mixed,Organised,65.0,Normal,50.0,Normal,50.0,Normal,Organised,45,Medium,45.0,Press,50.0,Normal,Cover,55.0,46.666666666666664,50.83333333333333
1073,379,9837,2012-02-22 00:00:00,61,Balanced,49.0,Little,48.0,Mixed,Organised,48.0,Normal,52.0,Normal,50.0,Normal,Organised,33,Deep,44.0,Press,50.0,Normal,Cover,50.0,42.333333333333336,46.16666666666667
1074,379,9837,2013-09-20 00:00:00,61,Balanced,49.0,Little,48.0,Mixed,Organised,48.0,Normal,52.0,Normal,50.0,Normal,Organised,33,Deep,44.0,Press,50.0,Normal,Cover,50.0,42.333333333333336,46.16666666666667
1075,379,9837,2014-09-19 00:00:00,48,Balanced,58.0,Normal,48.0,Mixed,Organised,48.0,Normal,52.0,Normal,50.0,Normal,Organised,33,Deep,44.0,Press,50.0,Normal,Cover,50.0,42.333333333333336,46.16666666666667
1076,379,9837,2015-09-10 00:00:00,48,Balanced,37.0,Normal,49.0,Mixed,Organised,48.0,Normal,52.0,Normal,58.0,Normal,Organised,33,Deep,44.0,Press,50.0,Normal,Cover,52.666666666666664,42.333333333333336,47.5
1077,74,9851,2010-02-22 00:00:00,50,Balanced,49.0,Little,45.0,Mixed,Organised,70.0,Risky,60.0,Normal,60.0,Normal,Organised,69,High,70.0,Double,70.0,Wide,Cover,63.333333333333336,69.66666666666667,66.5
1078,74,9851,2011-02-22 00:00:00,65,Balanced,49.0,Little,35.0,Mixed,Organised,65.0,Normal,65.0,Normal,65.0,Normal,Organised,55,Medium,45.0,Press,65.0,Normal,Cover,65.0,55.0,60.0
1079,74,9851,2012-02-22 00:00:00,64,Balanced,49.0,Little,41.0,Mixed,Organised,49.0,Normal,52.0,Normal,64.0,Normal,Organised,46,Medium,44.0,Press,51.0,Normal,Cover,55.0,47.0,51.0
1080,74,9851,2013-09-20 00:00:00,64,Balanced,49.0,Little,41.0,Mixed,Organised,49.0,Normal,52.0,Normal,64.0,Normal,Organised,46,Medium,44.0,Press,51.0,Normal,Cover,55.0,47.0,51.0
1081,74,9851,2014-09-19 00:00:00,64,Balanced,62.0,Normal,41.0,Mixed,Organised,49.0,Normal,52.0,Normal,64.0,Normal,Organised,46,Medium,44.0,Press,51.0,Normal,Cover,55.0,47.0,51.0
1082,74,9851,2015-09-10 00:00:00,64,Balanced,62.0,Normal,41.0,Mixed,Organised,49.0,Normal,52.0,Normal,64.0,Normal,Organised,46,Medium,44.0,Press,51.0,Normal,Cover,55.0,47.0,51.0
1083,744,7841,2010-02-22 00:00:00,30,Slow,49.0,Little,30.0,Short,Organised,45.0,Normal,55.0,Normal,60.0,Normal,Organised,30,Deep,30.0,Contain,30.5,Narrow,Offside Trap,53.333333333333336,30.166666666666668,41.75
1084,744,7841,2011-02-22 00:00:00,50,Balanced,49.0,Little,50.0,Mixed,Organised,65.0,Normal,65.0,Normal,50.0,Normal,Organised,45,Medium,45.0,Press,50.0,Normal,Offside Trap,60.0,46.666666666666664,53.33333333333333
1085,744,7841,2012-02-22 00:00:00,36,Balanced,49.0,Little,38.0,Mixed,Organised,60.0,Normal,54.0,Normal,54.0,Normal,Organised,39,Medium,50.0,Press,42.0,Normal,Cover,56.0,43.666666666666664,49.83333333333333
1086,744,7841,2013-09-20 00:00:00,36,Balanced,49.0,Little,38.0,Mixed,Organised,60.0,Normal,54.0,Normal,54.0,Normal,Organised,39,Medium,50.0,Press,42.0,Normal,Cover,56.0,43.666666666666664,49.83333333333333
1087,744,7841,2014-09-19 00:00:00,66,Balanced,47.0,Normal,44.0,Mixed,Organised,58.0,Normal,65.0,Normal,54.0,Normal,Organised,39,Medium,48.0,Press,66.0,Normal,Cover,59.0,51.0,55.0
1088,744,7841,2015-09-10 00:00:00,66,Balanced,47.0,Normal,44.0,Mixed,Organised,58.0,Normal,65.0,Normal,54.0,Normal,Organised,39,Medium,48.0,Press,66.0,Normal,Cover,59.0,51.0,55.0
1089,1905,10219,2010-02-22 00:00:00,30,Slow,49.0,Little,50.0,Mixed,Organised,35.0,Normal,60.0,Normal,55.0,Normal,Organised,50,Medium,45.0,Press,55.0,Normal,Cover,50.0,50.0,50.0
1090,1905,10219,2012-02-22 00:00:00,47,Balanced,49.0,Little,48.0,Mixed,Organised,42.0,Normal,38.0,Normal,55.0,Normal,Organised,41,Medium,41.0,Press,43.0,Normal,Cover,45.0,41.666666666666664,43.33333333333333
1091,1905,10219,2013-09-20 00:00:00,47,Balanced,49.0,Little,48.0,Mixed,Organised,66.0,Normal,38.0,Normal,55.0,Normal,Organised,29,Deep,28.0,Contain,36.0,Normal,Cover,53.0,31.0,42.0
1092,1905,10219,2014-09-19 00:00:00,57,Balanced,30.0,Little,55.0,Mixed,Organised,42.0,Normal,36.0,Normal,55.0,Normal,Organised,31,Deep,30.0,Contain,38.0,Normal,Cover,44.333333333333336,33.0,38.66666666666667
1093,1838,8551,2010-02-22 00:00:00,35,Balanced,49.0,Little,30.0,Short,Organised,30.0,Safe,30.0,Little,55.0,Normal,Organised,40,Medium,65.0,Press,55.0,Normal,Offside Trap,38.333333333333336,53.333333333333336,45.833333333333336
1094,1838,8551,2011-02-22 00:00:00,50,Balanced,49.0,Little,50.0,Mixed,Organised,50.0,Normal,65.0,Normal,55.0,Normal,Organised,40,Medium,45.0,Press,55.0,Normal,Offside Trap,56.666666666666664,46.666666666666664,51.666666666666664
1095,1838,8551,2012-02-22 00:00:00,45,Balanced,49.0,Little,50.0,Mixed,Organised,50.0,Normal,50.0,Normal,50.0,Normal,Organised,45,Medium,45.0,Press,50.0,Normal,Cover,50.0,46.666666666666664,48.33333333333333
1096,1838,8551,2013-09-20 00:00:00,47,Balanced,49.0,Little,48.0,Mixed,Organised,54.0,Normal,56.0,Normal,52.0,Normal,Free Form,37,Medium,49.0,Press,51.0,Normal,Cover,54.0,45.666666666666664,49.83333333333333
1097,1838,8551,2014-09-19 00:00:00,47,Balanced,49.0,Normal,48.0,Mixed,Organised,64.0,Normal,67.0,Lots,52.0,Normal,Organised,44,Medium,49.0,Press,51.0,Normal,Cover,61.0,48.0,54.5
1098,1902,9803,2010-02-22 00:00:00,30,Slow,49.0,Little,35.0,Mixed,Organised,35.0,Normal,50.0,Normal,70.0,Lots,Organised,30,Deep,30.0,Contain,30.5,Narrow,Cover,51.666666666666664,30.166666666666668,40.916666666666664
1099,1902,9803,2011-02-22 00:00:00,65,Balanced,49.0,Little,51.0,Mixed,Organised,33.0,Safe,38.0,Normal,53.0,Normal,Organised,48,Medium,57.0,Press,34.0,Normal,Offside Trap,41.333333333333336,46.333333333333336,43.833333333333336
1100,1902,9803,2012-02-22 00:00:00,55,Balanced,49.0,Little,52.0,Mixed,Organised,62.0,Normal,43.0,Normal,54.0,Normal,Organised,47,Medium,44.0,Press,50.0,Normal,Cover,53.0,47.0,50.0
1101,1902,9803,2013-09-20 00:00:00,42,Balanced,49.0,Little,44.0,Mixed,Organised,49.0,Normal,40.0,Normal,38.0,Normal,Organised,47,Medium,44.0,Press,55.0,Normal,Cover,42.333333333333336,48.666666666666664,45.5
1102,1902,9803,2014-09-19 00:00:00,43,Balanced,46.0,Normal,44.0,Mixed,Organised,59.0,Normal,45.0,Normal,42.0,Normal,Organised,39,Medium,37.0,Press,42.0,Normal,Cover,48.666666666666664,39.333333333333336,44.0
1103,546,9999,2010-02-22 00:00:00,65,Balanced,49.0,Little,60.0,Mixed,Organised,50.0,Normal,35.0,Normal,40.0,Normal,Organised,65,Medium,70.0,Double,70.0,Wide,Cover,41.666666666666664,68.33333333333333,55.0
1104,52,8686,2010-02-22 00:00:00,70,Fast,49.0,Little,30.0,Short,Free Form,60.0,Normal,60.0,Normal,70.0,Lots,Free Form,55,Medium,30.0,Contain,70.0,Wide,Offside Trap,63.333333333333336,51.666666666666664,57.5
1105,52,8686,2011-02-22 00:00:00,64,Balanced,49.0,Little,30.0,Short,Organised,67.0,Risky,50.0,Normal,65.0,Normal,Free Form,46,Medium,47.0,Press,50.0,Normal,Offside Trap,60.666666666666664,47.666666666666664,54.166666666666664
1106,52,8686,2012-02-22 00:00:00,60,Balanced,49.0,Little,40.0,Mixed,Free Form,65.0,Normal,35.0,Normal,50.0,Normal,Free Form,35,Medium,45.0,Press,50.0,Normal,Offside Trap,50.0,43.333333333333336,46.66666666666667
1107,52,8686,2013-09-20 00:00:00,53,Balanced,49.0,Little,55.0,Mixed,Organised,77.0,Risky,75.0,Lots,56.0,Normal,Free Form,49,Medium,47.0,Press,53.0,Normal,Offside Trap,69.33333333333333,49.666666666666664,59.5
1108,52,8686,2014-09-19 00:00:00,67,Fast,48.0,Normal,38.0,Mixed,Organised,73.0,Risky,64.0,Normal,56.0,Normal,Free Form,36,Medium,57.0,Press,34.0,Normal,Cover,64.33333333333333,42.333333333333336,53.33333333333333
1109,52,8686,2015-09-10 00:00:00,68,Fast,27.0,Little,47.0,Mixed,Organised,71.0,Risky,54.0,Normal,66.0,Normal,Free Form,36,Medium,57.0,Press,48.0,Normal,Cover,63.666666666666664,47.0,55.33333333333333
1110,631,8649,2013-09-20 00:00:00,35,Balanced,49.0,Little,62.0,Mixed,Organised,50.0,Normal,36.0,Normal,50.0,Normal,Organised,40,Medium,56.0,Press,47.0,Normal,Cover,45.333333333333336,47.666666666666664,46.5
1111,631,8649,2014-09-19 00:00:00,34,Balanced,50.0,Normal,34.0,Mixed,Organised,44.0,Normal,38.0,Normal,38.0,Normal,Organised,39,Medium,51.0,Press,44.0,Normal,Cover,40.0,44.666666666666664,42.33333333333333
1112,631,8649,2015-09-10 00:00:00,45,Balanced,48.0,Normal,60.0,Mixed,Organised,46.0,Normal,49.0,Normal,58.0,Normal,Organised,36,Medium,53.0,Press,34.0,Normal,Cover,51.0,41.0,46.0
1113,874,1601,2010-02-22 00:00:00,30,Slow,49.0,Little,40.0,Mixed,Organised,50.0,Normal,35.0,Normal,70.0,Lots,Organised,65,Medium,60.0,Press,50.0,Normal,Cover,51.666666666666664,58.333333333333336,55.0
1114,874,1601,2011-02-22 00:00:00,48,Balanced,49.0,Little,51.0,Mixed,Organised,68.0,Risky,67.0,Lots,51.0,Normal,Organised,46,Medium,48.0,Press,50.0,Normal,Cover,62.0,48.0,55.0
1115,874,1601,2012-02-22 00:00:00,53,Balanced,49.0,Little,55.0,Mixed,Organised,44.0,Normal,65.0,Normal,50.0,Normal,Organised,43,Medium,44.0,Press,49.0,Normal,Cover,53.0,45.333333333333336,49.16666666666667
1116,874,1601,2013-09-20 00:00:00,53,Balanced,49.0,Little,55.0,Mixed,Organised,44.0,Normal,65.0,Normal,50.0,Normal,Organised,43,Medium,44.0,Press,49.0,Normal,Cover,53.0,45.333333333333336,49.16666666666667
1117,874,1601,2014-09-19 00:00:00,53,Balanced,48.0,Normal,38.0,Mixed,Organised,66.0,Normal,65.0,Normal,50.0,Normal,Organised,43,Medium,44.0,Press,49.0,Normal,Cover,60.333333333333336,45.333333333333336,52.833333333333336
1118,874,1601,2015-09-10 00:00:00,47,Balanced,48.0,Normal,38.0,Mixed,Organised,61.0,Normal,65.0,Normal,50.0,Normal,Organised,43,Medium,44.0,Press,49.0,Normal,Cover,58.666666666666664,45.333333333333336,52.0
1119,1819,9853,2010-02-22 00:00:00,65,Balanced,49.0,Little,65.0,Mixed,Organised,55.0,Normal,60.0,Normal,60.0,Normal,Organised,30,Deep,30.0,Contain,30.5,Narrow,Offside Trap,58.333333333333336,30.166666666666668,44.25
1120,1819,9853,2011-02-22 00:00:00,65,Balanced,49.0,Little,35.0,Mixed,Organised,35.0,Normal,65.0,Normal,65.0,Normal,Organised,35,Medium,45.0,Press,65.0,Normal,Cover,55.0,48.333333333333336,51.66666666666667
1121,1819,9853,2012-02-22 00:00:00,49,Balanced,49.0,Little,52.0,Mixed,Organised,48.0,Normal,52.0,Normal,52.0,Normal,Organised,35,Medium,44.0,Press,50.0,Normal,Cover,50.666666666666664,43.0,46.83333333333333
1122,1819,9853,2013-09-20 00:00:00,49,Balanced,49.0,Little,52.0,Mixed,Organised,48.0,Normal,52.0,Normal,52.0,Normal,Organised,35,Medium,44.0,Press,50.0,Normal,Cover,50.666666666666664,43.0,46.83333333333333
1123,1819,9853,2014-09-19 00:00:00,58,Balanced,55.0,Normal,52.0,Mixed,Organised,48.0,Normal,52.0,Normal,52.0,Normal,Organised,35,Medium,44.0,Press,50.0,Normal,Cover,50.666666666666664,43.0,46.83333333333333
1124,1819,9853,2015-09-10 00:00:00,58,Balanced,55.0,Normal,52.0,Mixed,Organised,48.0,Normal,64.0,Normal,52.0,Normal,Organised,48,Medium,51.0,Press,49.0,Normal,Cover,54.666666666666664,49.333333333333336,52.0
1125,1837,9882,2010-02-22 00:00:00,60,Balanced,49.0,Little,30.0,Short,Organised,30.0,Safe,30.0,Little,65.0,Normal,Free Form,50,Medium,30.0,Contain,55.0,Normal,Offside Trap,41.666666666666664,45.0,43.33333333333333
1126,1837,9882,2011-02-22 00:00:00,50,Balanced,49.0,Little,65.0,Mixed,Organised,65.0,Normal,65.0,Normal,50.0,Normal,Organised,35,Medium,45.0,Press,55.0,Normal,Cover,60.0,45.0,52.5
1127,1837,9882,2012-02-22 00:00:00,35,Balanced,49.0,Little,35.0,Mixed,Organised,35.0,Normal,65.0,Normal,35.0,Normal,Organised,45,Medium,45.0,Press,50.0,Normal,Cover,45.0,46.666666666666664,45.83333333333333
1128,1837,9882,2013-09-20 00:00:00,36,Balanced,49.0,Little,38.0,Mixed,Organised,49.0,Normal,62.0,Normal,33.0,Little,Organised,50,Medium,51.0,Press,53.0,Normal,Cover,48.0,51.333333333333336,49.66666666666667
1129,1837,9882,2014-09-19 00:00:00,36,Balanced,56.0,Normal,38.0,Mixed,Organised,49.0,Normal,52.0,Normal,62.0,Normal,Organised,54,Medium,57.0,Press,64.0,Normal,Offside Trap,54.333333333333336,58.333333333333336,56.333333333333336
1130,1837,9882,2015-09-10 00:00:00,36,Balanced,56.0,Normal,38.0,Mixed,Organised,49.0,Normal,52.0,Normal,29.0,Little,Organised,50,Medium,51.0,Press,53.0,Normal,Cover,43.333333333333336,51.333333333333336,47.333333333333336
1131,111974,7943,2010-02-22 00:00:00,30,Slow,49.0,Little,30.0,Short,Organised,30.0,Safe,30.0,Little,60.0,Normal,Organised,30,Deep,30.0,Contain,30.5,Narrow,Cover,40.0,30.166666666666668,35.083333333333336
1132,111974,7943,2011-02-22 00:00:00,50,Balanced,49.0,Little,50.0,Mixed,Organised,50.0,Normal,61.0,Normal,60.0,Normal,Organised,45,Medium,30.0,Contain,30.5,Narrow,Cover,57.0,35.166666666666664,46.08333333333333
1133,111974,7943,2012-02-22 00:00:00,50,Balanced,49.0,Little,50.0,Mixed,Organised,50.0,Normal,50.0,Normal,50.0,Normal,Organised,35,Medium,45.0,Press,50.0,Normal,Cover,50.0,43.333333333333336,46.66666666666667
1134,111974,7943,2013-09-20 00:00:00,57,Balanced,49.0,Little,60.0,Mixed,Organised,56.0,Normal,63.0,Normal,64.0,Normal,Organised,38,Medium,47.0,Press,53.0,Normal,Offside Trap,61.0,46.0,53.5
1135,111974,7943,2014-09-19 00:00:00,57,Balanced,71.0,Lots,60.0,Mixed,Organised,66.0,Normal,57.0,Normal,63.0,Normal,Organised,54,Medium,47.0,Press,36.0,Normal,Offside Trap,62.0,45.666666666666664,53.83333333333333
1136,111974,7943,2015-09-10 00:00:00,57,Balanced,65.0,Normal,60.0,Mixed,Organised,56.0,Normal,57.0,Normal,56.0,Normal,Organised,38,Medium,47.0,Press,53.0,Normal,Cover,56.333333333333336,46.0,51.16666666666667
1137,58,7794,2010-02-22 00:00:00,40,Balanced,49.0,Little,45.0,Mixed,Organised,50.0,Normal,35.0,Normal,55.0,Normal,Organised,69,High,70.0,Double,70.0,Wide,Offside Trap,46.666666666666664,69.66666666666667,58.16666666666667
1138,58,7794,2012-02-22 00:00:00,50,Balanced,49.0,Little,50.0,Mixed,Organised,50.0,Normal,51.0,Normal,49.0,Normal,Organised,44,Medium,45.0,Press,50.0,Normal,Cover,50.0,46.333333333333336,48.16666666666667
1139,58,7794,2013-09-20 00:00:00,50,Balanced,49.0,Little,50.0,Mixed,Organised,50.0,Normal,51.0,Normal,49.0,Normal,Organised,44,Medium,45.0,Press,50.0,Normal,Cover,50.0,46.333333333333336,48.16666666666667
1140,58,7794,2014-09-19 00:00:00,67,Fast,61.0,Normal,43.0,Mixed,Organised,56.0,Normal,51.0,Normal,49.0,Normal,Organised,39,Medium,47.0,Press,48.0,Normal,Cover,52.0,44.666666666666664,48.33333333333333
1141,58,7794,2015-09-10 00:00:00,61,Balanced,61.0,Normal,52.0,Mixed,Organised,56.0,Normal,51.0,Normal,49.0,Normal,Organised,44,Medium,55.0,Press,48.0,Normal,Cover,52.0,49.0,50.5
1142,1913,10228,2010-02-22 00:00:00,35,Balanced,49.0,Little,30.0,Short,Organised,45.0,Normal,45.0,Normal,60.0,Normal,Organised,30,Deep,30.0,Contain,30.5,Narrow,Cover,50.0,30.166666666666668,40.083333333333336
1143,1913,10228,2011-02-22 00:00:00,49,Balanced,49.0,Little,48.0,Mixed,Free Form,52.0,Normal,67.0,Lots,52.0,Normal,Organised,58,Medium,60.0,Press,65.0,Normal,Cover,57.0,61.0,59.0
1144,1913,10228,2012-02-22 00:00:00,67,Fast,49.0,Little,53.0,Mixed,Organised,48.0,Normal,75.0,Lots,39.0,Normal,Organised,45,Medium,44.0,Press,48.0,Normal,Cover,54.0,45.666666666666664,49.83333333333333
1145,1913,10228,2013-09-20 00:00:00,47,Balanced,49.0,Little,37.0,Mixed,Organised,48.0,Normal,52.0,Normal,42.0,Normal,Organised,46,Medium,44.0,Press,48.0,Normal,Cover,47.333333333333336,46.0,46.66666666666667
1146,1913,10228,2014-09-19 00:00:00,53,Balanced,48.0,Normal,46.0,Mixed,Organised,65.0,Normal,43.0,Normal,46.0,Normal,Organised,46,Medium,44.0,Press,48.0,Normal,Cover,51.333333333333336,46.0,48.66666666666667
1147,1913,10228,2015-09-10 00:00:00,54,Balanced,40.0,Normal,56.0,Mixed,Organised,65.0,Normal,43.0,Normal,44.0,Normal,Organised,46,Medium,44.0,Press,48.0,Normal,Cover,50.666666666666664,46.0,48.33333333333333
1148,34,10189,2010-02-22 00:00:00,65,Balanced,49.0,Little,55.0,Mixed,Organised,55.0,Normal,70.0,Lots,70.0,Lots,Organised,69,High,45.0,Press,70.0,Wide,Cover,65.0,61.333333333333336,63.16666666666667
1149,34,10189,2011-02-22 00:00:00,63,Balanced,49.0,Little,57.0,Mixed,Organised,55.0,Normal,70.0,Lots,62.0,Normal,Organised,37,Medium,67.0,Double,38.0,Normal,Cover,62.333333333333336,47.333333333333336,54.833333333333336
1150,34,10189,2012-02-22 00:00:00,50,Balanced,49.0,Little,36.0,Mixed,Organised,59.0,Normal,52.0,Normal,56.0,Normal,Organised,43,Medium,44.0,Press,53.0,Normal,Cover,55.666666666666664,46.666666666666664,51.166666666666664
1151,34,10189,2013-09-20 00:00:00,60,Balanced,49.0,Little,47.0,Mixed,Organised,62.0,Normal,54.0,Normal,52.0,Normal,Organised,45,Medium,58.0,Press,42.0,Normal,Cover,56.0,48.333333333333336,52.16666666666667
1152,34,10189,2014-09-19 00:00:00,39,Balanced,54.0,Normal,45.0,Mixed,Organised,42.0,Normal,56.0,Normal,41.0,Normal,Organised,51,Medium,51.0,Press,40.0,Normal,Cover,46.333333333333336,47.333333333333336,46.833333333333336
1153,34,10189,2015-09-10 00:00:00,58,Balanced,43.0,Normal,42.0,Mixed,Organised,64.0,Normal,61.0,Normal,37.0,Normal,Organised,55,Medium,59.0,Press,56.0,Normal,Cover,54.0,56.666666666666664,55.33333333333333
1154,324,9777,2010-02-22 00:00:00,30,Slow,49.0,Little,55.0,Mixed,Organised,45.0,Normal,70.0,Lots,60.0,Normal,Organised,55,Medium,60.0,Press,55.0,Normal,Cover,58.333333333333336,56.666666666666664,57.5
1155,324,9777,2012-02-22 00:00:00,48,Balanced,49.0,Little,51.0,Mixed,Organised,53.0,Normal,66.0,Normal,45.0,Normal,Organised,49,Medium,45.0,Press,49.0,Normal,Cover,54.666666666666664,47.666666666666664,51.166666666666664
1156,324,9777,2013-09-20 00:00:00,48,Balanced,49.0,Little,51.0,Mixed,Organised,53.0,Normal,66.0,Normal,45.0,Normal,Organised,49,Medium,45.0,Press,49.0,Normal,Cover,54.666666666666664,47.666666666666664,51.166666666666664
1157,481,8302,2010-02-22 00:00:00,30,Slow,49.0,Little,30.0,Short,Free Form,70.0,Risky,60.0,Normal,70.0,Lots,Free Form,60,Medium,70.0,Double,65.0,Normal,Offside Trap,66.66666666666667,65.0,65.83333333333334
1158,481,8302,2011-02-22 00:00:00,68,Fast,49.0,Little,58.0,Mixed,Free Form,68.0,Risky,67.0,Lots,71.0,Lots,Free Form,57,Medium,58.0,Press,68.0,Wide,Cover,68.66666666666667,61.0,64.83333333333334
1159,481,8302,2012-02-22 00:00:00,61,Balanced,49.0,Little,65.0,Mixed,Organised,53.0,Normal,57.0,Normal,38.0,Normal,Organised,38,Medium,49.0,Press,55.0,Normal,Cover,49.333333333333336,47.333333333333336,48.333333333333336
1160,481,8302,2013-09-20 00:00:00,65,Balanced,49.0,Little,65.0,Mixed,Organised,53.0,Normal,57.0,Normal,38.0,Normal,Organised,38,Medium,49.0,Press,55.0,Normal,Cover,49.333333333333336,47.333333333333336,48.333333333333336
1161,481,8302,2014-09-19 00:00:00,65,Balanced,53.0,Normal,65.0,Mixed,Organised,53.0,Normal,57.0,Normal,38.0,Normal,Organised,38,Medium,49.0,Press,55.0,Normal,Cover,49.333333333333336,47.333333333333336,48.333333333333336
1162,481,8302,2015-09-10 00:00:00,53,Balanced,53.0,Normal,53.0,Mixed,Organised,53.0,Normal,52.0,Normal,60.0,Normal,Organised,42,Medium,48.0,Press,59.0,Normal,Cover,55.0,49.666666666666664,52.33333333333333
1163,110770,10179,2010-02-22 00:00:00,35,Balanced,49.0,Little,60.0,Mixed,Organised,50.0,Normal,60.0,Normal,60.0,Normal,Organised,35,Medium,40.0,Press,45.0,Normal,Offside Trap,56.666666666666664,40.0,48.33333333333333
1164,110770,10179,2011-02-22 00:00:00,47,Balanced,49.0,Little,56.0,Mixed,Organised,67.0,Risky,56.0,Normal,54.0,Normal,Organised,41,Medium,43.0,Press,39.0,Normal,Cover,59.0,41.0,50.0
1165,110770,10179,2012-02-22 00:00:00,61,Balanced,49.0,Little,37.0,Mixed,Organised,62.0,Normal,50.0,Normal,53.0,Normal,Organised,45,Medium,43.0,Press,54.0,Normal,Cover,55.0,47.333333333333336,51.16666666666667
1166,110770,10179,2013-09-20 00:00:00,61,Balanced,49.0,Little,37.0,Mixed,Organised,62.0,Normal,50.0,Normal,53.0,Normal,Organised,45,Medium,43.0,Press,54.0,Normal,Cover,55.0,47.333333333333336,51.16666666666667
1167,110770,10179,2014-09-19 00:00:00,61,Balanced,57.0,Normal,37.0,Mixed,Organised,62.0,Normal,50.0,Normal,53.0,Normal,Organised,45,Medium,47.0,Press,54.0,Normal,Cover,55.0,48.666666666666664,51.83333333333333
1168,110770,10179,2015-09-10 00:00:00,61,Balanced,57.0,Normal,37.0,Mixed,Organised,62.0,Normal,50.0,Normal,53.0,Normal,Organised,45,Medium,47.0,Press,54.0,Normal,Cover,55.0,48.666666666666664,51.83333333333333
1169,111092,8025,2010-02-22 00:00:00,30,Slow,49.0,Little,45.0,Mixed,Organised,45.0,Normal,35.0,Normal,70.0,Lots,Organised,60,Medium,70.0,Double,50.0,Normal,Cover,50.0,60.0,55.0
1170,111092,8025,2011-02-22 00:00:00,47,Balanced,49.0,Little,55.0,Mixed,Organised,45.0,Normal,48.0,Normal,54.0,Normal,Organised,48,Medium,47.0,Press,51.0,Normal,Cover,49.0,48.666666666666664,48.83333333333333
1171,111092,8025,2012-02-22 00:00:00,65,Balanced,49.0,Little,63.0,Mixed,Organised,67.0,Risky,31.0,Little,67.0,Lots,Organised,24,Deep,27.5,Contain,39.0,Normal,Cover,55.0,30.166666666666668,42.583333333333336
1172,111092,8025,2013-09-20 00:00:00,65,Balanced,49.0,Little,50.0,Mixed,Organised,67.0,Risky,31.0,Little,67.0,Lots,Organised,30,Deep,30.0,Contain,40.0,Normal,Cover,55.0,33.333333333333336,44.16666666666667
1173,111092,8025,2014-09-19 00:00:00,47,Balanced,53.0,Normal,34.0,Mixed,Organised,38.0,Normal,36.0,Normal,68.0,Lots,Organised,37,Medium,37.0,Press,39.0,Normal,Cover,47.333333333333336,37.666666666666664,42.5
1174,111092,8025,2015-09-10 00:00:00,50,Balanced,55.0,Normal,35.0,Mixed,Organised,51.0,Normal,51.0,Normal,55.0,Normal,Organised,45,Medium,55.0,Press,39.0,Normal,Cover,52.333333333333336,46.333333333333336,49.333333333333336
1175,226,9874,2010-02-22 00:00:00,66,Balanced,49.0,Little,70.0,Long,Organised,35.0,Normal,40.0,Normal,50.0,Normal,Organised,65,Medium,30.0,Contain,65.0,Normal,Cover,41.666666666666664,53.333333333333336,47.5
1176,226,9874,2011-02-22 00:00:00,50,Balanced,49.0,Little,50.0,Mixed,Organised,35.0,Normal,65.0,Normal,35.0,Normal,Organised,45,Medium,55.0,Press,65.0,Normal,Cover,45.0,55.0,50.0
1177,226,9874,2012-02-22 00:00:00,63,Balanced,49.0,Little,39.0,Mixed,Organised,63.0,Normal,72.0,Lots,49.0,Normal,Organised,54,Medium,43.0,Press,49.0,Normal,Cover,61.333333333333336,48.666666666666664,55.0
1178,226,9874,2013-09-20 00:00:00,63,Balanced,49.0,Little,39.0,Mixed,Organised,63.0,Normal,64.0,Normal,49.0,Normal,Organised,54,Medium,43.0,Press,49.0,Normal,Cover,58.666666666666664,48.666666666666664,53.666666666666664
1179,226,9874,2014-09-19 00:00:00,63,Balanced,62.0,Normal,39.0,Mixed,Organised,63.0,Normal,64.0,Normal,49.0,Normal,Organised,54,Medium,43.0,Press,49.0,Normal,Cover,58.666666666666664,48.666666666666664,53.666666666666664
1180,226,9874,2015-09-10 00:00:00,63,Balanced,62.0,Normal,39.0,Mixed,Organised,63.0,Normal,64.0,Normal,49.0,Normal,Organised,54,Medium,43.0,Press,49.0,Normal,Cover,58.666666666666664,48.666666666666664,53.666666666666664
1181,17,8466,2010-02-22 00:00:00,70,Fast,49.0,Little,55.0,Mixed,Organised,70.0,Risky,70.0,Lots,65.0,Normal,Organised,69,High,70.0,Double,70.0,Wide,Cover,68.33333333333333,69.66666666666667,69.0
1182,17,8466,2011-02-22 00:00:00,52,Balanced,49.0,Little,37.0,Mixed,Organised,48.0,Normal,49.0,Normal,47.0,Normal,Organised,43,Medium,43.0,Press,48.0,Normal,Cover,48.0,44.666666666666664,46.33333333333333
1183,17,8466,2012-02-22 00:00:00,47,Balanced,49.0,Little,52.0,Mixed,Organised,54.0,Normal,56.0,Normal,60.0,Normal,Organised,48,Medium,52.0,Press,44.0,Normal,Cover,56.666666666666664,48.0,52.33333333333333
1184,17,8466,2013-09-20 00:00:00,47,Balanced,49.0,Little,38.0,Mixed,Organised,52.0,Normal,56.0,Normal,58.0,Normal,Free Form,57,Medium,63.0,Press,44.0,Normal,Cover,55.333333333333336,54.666666666666664,55.0
1185,17,8466,2014-09-19 00:00:00,47,Balanced,41.0,Normal,40.0,Mixed,Organised,42.0,Normal,56.0,Normal,51.0,Normal,Free Form,62,Medium,64.0,Press,44.0,Normal,Cover,49.666666666666664,56.666666666666664,53.166666666666664
1186,17,8466,2015-09-10 00:00:00,52,Balanced,31.0,Little,46.0,Mixed,Organised,42.0,Normal,54.0,Normal,30.0,Little,Organised,50,Medium,65.0,Press,44.0,Normal,Cover,42.0,53.0,47.5
1187,100646,8614,2010-02-22 00:00:00,35,Balanced,49.0,Little,40.0,Mixed,Organised,30.0,Safe,45.0,Normal,65.0,Normal,Organised,30,Deep,30.0,Contain,30.5,Narrow,Cover,46.666666666666664,30.166666666666668,38.416666666666664
1188,670,9986,2010-02-22 00:00:00,40,Balanced,49.0,Little,50.0,Mixed,Organised,45.0,Normal,43.0,Normal,60.0,Normal,Organised,69,High,70.0,Double,70.0,Wide,Cover,49.333333333333336,69.66666666666667,59.5
1189,670,9986,2011-02-22 00:00:00,47,Balanced,49.0,Little,36.0,Mixed,Organised,34.0,Normal,33.0,Little,53.0,Normal,Organised,49,Medium,58.0,Press,48.0,Normal,Cover,40.0,51.666666666666664,45.83333333333333
1190,670,9986,2013-09-20 00:00:00,60,Balanced,49.0,Little,53.0,Mixed,Organised,48.0,Normal,50.0,Normal,48.0,Normal,Organised,42,Medium,48.0,Press,49.0,Normal,Cover,48.666666666666664,46.333333333333336,47.5
1191,670,9986,2014-09-19 00:00:00,60,Balanced,47.0,Normal,53.0,Mixed,Organised,48.0,Normal,50.0,Normal,48.0,Normal,Organised,42,Medium,48.0,Press,49.0,Normal,Cover,48.666666666666664,46.333333333333336,47.5
1192,670,9986,2015-09-10 00:00:00,60,Balanced,47.0,Normal,53.0,Mixed,Organised,48.0,Normal,50.0,Normal,48.0,Normal,Organised,39,Medium,48.0,Press,49.0,Normal,Cover,48.666666666666664,45.333333333333336,47.0
1193,237,9768,2010-02-22 00:00:00,30,Slow,49.0,Little,30.0,Short,Organised,55.0,Normal,60.0,Normal,55.0,Normal,Free Form,30,Deep,30.0,Contain,30.5,Narrow,Offside Trap,56.666666666666664,30.166666666666668,43.416666666666664
1194,237,9768,2011-02-22 00:00:00,50,Balanced,49.0,Little,35.0,Mixed,Organised,65.0,Normal,65.0,Normal,35.0,Normal,Organised,55,Medium,45.0,Press,50.0,Normal,Cover,55.0,50.0,52.5
1195,237,9768,2012-02-22 00:00:00,53,Balanced,49.0,Little,56.0,Mixed,Organised,67.0,Risky,68.0,Lots,69.0,Lots,Organised,52,Medium,49.0,Press,54.0,Normal,Cover,68.0,51.666666666666664,59.83333333333333
1196,237,9768,2013-09-20 00:00:00,53,Balanced,49.0,Little,56.0,Mixed,Organised,67.0,Risky,68.0,Lots,60.0,Normal,Free Form,52,Medium,49.0,Press,54.0,Normal,Cover,65.0,51.666666666666664,58.33333333333333
1197,237,9768,2014-09-19 00:00:00,55,Balanced,65.0,Normal,56.0,Mixed,Organised,42.0,Normal,50.0,Normal,55.0,Normal,Organised,60,Medium,60.0,Press,54.0,Normal,Cover,49.0,58.0,53.5
1198,237,9768,2015-09-10 00:00:00,57,Balanced,65.0,Normal,56.0,Mixed,Organised,42.0,Normal,50.0,Normal,55.0,Normal,Organised,60,Medium,60.0,Press,54.0,Normal,Cover,49.0,58.0,53.5
1199,459,9869,2010-02-22 00:00:00,70,Fast,49.0,Little,55.0,Mixed,Organised,65.0,Normal,50.0,Normal,70.0,Lots,Organised,69,High,70.0,Double,55.0,Normal,Cover,61.666666666666664,64.66666666666667,63.16666666666667
1200,459,9869,2011-02-22 00:00:00,68,Fast,49.0,Little,53.0,Mixed,Organised,67.0,Risky,51.0,Normal,65.0,Normal,Organised,58,Medium,51.0,Press,55.0,Normal,Cover,61.0,54.666666666666664,57.83333333333333
1201,459,9869,2012-02-22 00:00:00,51,Balanced,49.0,Little,43.0,Mixed,Organised,68.0,Risky,61.0,Normal,44.0,Normal,Organised,36,Medium,60.0,Press,39.0,Normal,Cover,57.666666666666664,45.0,51.33333333333333
1202,459,9869,2013-09-20 00:00:00,55,Balanced,49.0,Little,43.0,Mixed,Organised,68.0,Risky,61.0,Normal,44.0,Normal,Organised,36,Medium,60.0,Press,39.0,Normal,Cover,57.666666666666664,45.0,51.33333333333333
1203,459,9869,2014-09-19 00:00:00,55,Balanced,48.0,Normal,43.0,Mixed,Organised,68.0,Risky,61.0,Normal,44.0,Normal,Organised,36,Medium,60.0,Press,39.0,Normal,Cover,57.666666666666664,45.0,51.33333333333333
1204,459,9869,2015-09-10 00:00:00,55,Balanced,48.0,Normal,50.0,Mixed,Organised,62.0,Normal,59.0,Normal,38.0,Normal,Organised,45,Medium,54.0,Press,41.0,Normal,Cover,53.0,46.666666666666664,49.83333333333333
1205,48,9875,2010-02-22 00:00:00,70,Fast,49.0,Little,30.0,Short,Free Form,30.0,Safe,35.0,Normal,70.0,Lots,Free Form,50,Medium,70.0,Double,45.0,Normal,Cover,45.0,55.0,50.0
1206,48,9875,2011-02-22 00:00:00,50,Balanced,49.0,Little,35.0,Mixed,Free Form,65.0,Normal,65.0,Normal,50.0,Normal,Organised,50,Medium,70.0,Double,45.0,Normal,Cover,60.0,55.0,57.5
1207,48,9875,2012-02-22 00:00:00,60,Balanced,49.0,Little,50.0,Mixed,Organised,65.0,Normal,65.0,Normal,50.0,Normal,Organised,45,Medium,55.0,Press,50.0,Normal,Cover,60.0,50.0,55.0
1208,48,9875,2013-09-20 00:00:00,68,Fast,49.0,Little,52.0,Mixed,Organised,68.0,Risky,69.0,Lots,53.0,Normal,Organised,44,Medium,57.0,Press,53.0,Normal,Offside Trap,63.333333333333336,51.333333333333336,57.333333333333336
1209,48,9875,2014-09-19 00:00:00,72,Fast,74.0,Lots,34.0,Mixed,Organised,76.0,Risky,66.0,Normal,73.0,Lots,Organised,61,Medium,59.0,Press,39.0,Normal,Cover,71.66666666666667,53.0,62.333333333333336
1210,48,9875,2015-09-10 00:00:00,53,Balanced,70.0,Lots,37.0,Mixed,Organised,68.0,Risky,54.0,Normal,67.0,Lots,Organised,47,Medium,57.0,Press,53.0,Normal,Offside Trap,63.0,52.333333333333336,57.66666666666667
1211,898,10190,2010-02-22 00:00:00,35,Balanced,49.0,Little,60.0,Mixed,Organised,35.0,Normal,55.0,Normal,55.0,Normal,Organised,50,Medium,55.0,Press,50.0,Normal,Cover,48.333333333333336,51.666666666666664,50.0
1212,898,10190,2011-02-22 00:00:00,47,Balanced,49.0,Little,55.0,Mixed,Organised,47.0,Normal,54.0,Normal,56.0,Normal,Organised,49,Medium,55.0,Press,48.0,Normal,Cover,52.333333333333336,50.666666666666664,51.5
1213,898,10190,2013-09-20 00:00:00,52,Balanced,49.0,Little,48.0,Mixed,Organised,39.0,Normal,39.0,Normal,37.0,Normal,Organised,40,Medium,41.0,Press,52.0,Normal,Cover,38.333333333333336,44.333333333333336,41.333333333333336
1214,898,10190,2014-09-19 00:00:00,52,Balanced,46.0,Normal,48.0,Mixed,Organised,39.0,Normal,39.0,Normal,37.0,Normal,Organised,40,Medium,41.0,Press,52.0,Normal,Cover,38.333333333333336,44.333333333333336,41.333333333333336
1215,898,10190,2015-09-10 00:00:00,52,Balanced,46.0,Normal,48.0,Mixed,Organised,39.0,Normal,39.0,Normal,37.0,Normal,Organised,40,Medium,36.0,Press,52.0,Normal,Cover,38.333333333333336,42.666666666666664,40.5
1216,100805,9800,2010-02-22 00:00:00,70,Fast,49.0,Little,70.0,Long,Organised,70.0,Risky,70.0,Lots,70.0,Lots,Organised,60,Medium,70.0,Double,70.0,Wide,Cover,70.0,66.66666666666667,68.33333333333334
1217,100805,9800,2011-02-22 00:00:00,48,Balanced,49.0,Little,48.0,Mixed,Organised,52.0,Normal,48.0,Normal,48.0,Normal,Organised,43,Medium,44.0,Press,51.0,Normal,Cover,49.333333333333336,46.0,47.66666666666667
1218,100805,9800,2012-02-22 00:00:00,60,Balanced,49.0,Little,75.0,Long,Organised,62.0,Normal,45.0,Normal,60.0,Normal,Organised,50,Medium,48.0,Press,40.0,Normal,Cover,55.666666666666664,46.0,50.83333333333333
1219,100805,9800,2013-09-20 00:00:00,42,Balanced,49.0,Little,43.0,Mixed,Organised,47.0,Normal,46.0,Normal,60.0,Normal,Organised,53,Medium,49.0,Press,42.0,Normal,Cover,51.0,48.0,49.5
1220,100805,9800,2014-09-19 00:00:00,58,Balanced,50.0,Normal,70.0,Long,Organised,62.0,Normal,56.0,Normal,61.0,Normal,Organised,50,Medium,49.0,Press,41.0,Normal,Cover,59.666666666666664,46.666666666666664,53.166666666666664
1221,100805,9800,2015-09-10 00:00:00,38,Balanced,53.0,Normal,33.0,Short,Organised,53.0,Normal,58.0,Normal,53.0,Normal,Organised,60,Medium,58.0,Press,48.0,Normal,Cover,54.666666666666664,55.333333333333336,55.0
1222,110329,8152,2010-02-22 00:00:00,60,Balanced,49.0,Little,60.0,Mixed,Organised,50.0,Normal,70.0,Lots,70.0,Lots,Organised,60,Medium,70.0,Double,55.0,Normal,Cover,63.333333333333336,61.666666666666664,62.5
1223,110329,8152,2011-02-22 00:00:00,60,Balanced,49.0,Little,42.0,Mixed,Organised,63.0,Normal,55.0,Normal,56.0,Normal,Organised,49,Medium,60.0,Press,55.0,Normal,Cover,58.0,54.666666666666664,56.33333333333333
1224,110329,8152,2012-02-22 00:00:00,53,Balanced,49.0,Little,64.0,Mixed,Organised,60.0,Normal,34.0,Normal,53.0,Normal,Organised,49,Medium,44.0,Press,59.0,Normal,Cover,49.0,50.666666666666664,49.83333333333333
1225,110329,8152,2013-09-20 00:00:00,53,Balanced,49.0,Little,56.0,Mixed,Organised,62.0,Normal,46.0,Normal,53.0,Normal,Organised,49,Medium,44.0,Press,57.0,Normal,Cover,53.666666666666664,50.0,51.83333333333333
1226,110329,8152,2014-09-19 00:00:00,53,Balanced,52.0,Normal,56.0,Mixed,Organised,68.0,Risky,53.0,Normal,34.0,Normal,Organised,46,Medium,44.0,Press,54.0,Normal,Cover,51.666666666666664,48.0,49.83333333333333
1227,110329,8152,2015-09-10 00:00:00,52,Balanced,52.0,Normal,56.0,Mixed,Organised,62.0,Normal,53.0,Normal,38.0,Normal,Organised,39,Medium,44.0,Press,57.0,Normal,Cover,51.0,46.666666666666664,48.83333333333333
1228,100804,8467,2010-02-22 00:00:00,70,Fast,49.0,Little,50.0,Mixed,Organised,50.0,Normal,50.0,Normal,50.0,Normal,Organised,30,Deep,70.0,Double,30.5,Narrow,Cover,50.0,43.5,46.75
1229,100804,8467,2011-02-22 00:00:00,67,Fast,49.0,Little,48.0,Mixed,Organised,47.0,Normal,47.0,Normal,54.0,Normal,Organised,33,Deep,47.0,Press,37.0,Normal,Cover,49.333333333333336,39.0,44.16666666666667
1230,100804,8467,2012-02-22 00:00:00,57,Balanced,49.0,Little,57.0,Mixed,Organised,46.0,Normal,48.0,Normal,38.0,Normal,Organised,42,Medium,38.0,Press,52.0,Normal,Cover,44.0,44.0,44.0
1231,100804,8467,2013-09-20 00:00:00,60,Balanced,49.0,Little,58.0,Mixed,Organised,48.0,Normal,49.0,Normal,38.0,Normal,Organised,44,Medium,42.0,Press,56.0,Normal,Cover,45.0,47.333333333333336,46.16666666666667
1232,100804,8467,2014-09-19 00:00:00,56,Balanced,48.0,Normal,57.0,Mixed,Organised,47.0,Normal,49.0,Normal,40.0,Normal,Organised,40,Medium,40.0,Press,52.0,Normal,Cover,45.333333333333336,44.0,44.66666666666667
1233,100804,8467,2015-09-10 00:00:00,62,Balanced,52.0,Normal,48.0,Mixed,Organised,47.0,Normal,49.0,Normal,40.0,Normal,Organised,37,Medium,48.0,Press,55.0,Normal,Cover,45.333333333333336,46.666666666666664,46.0
1234,680,9997,2010-02-22 00:00:00,50,Balanced,49.0,Little,50.0,Mixed,Organised,50.0,Normal,50.0,Normal,50.0,Normal,Organised,50,Medium,50.0,Press,50.0,Normal,Cover,50.0,50.0,50.0
1235,680,9997,2011-02-22 00:00:00,53,Balanced,49.0,Little,53.0,Mixed,Organised,48.0,Normal,52.0,Normal,53.0,Normal,Organised,46,Medium,46.0,Press,46.0,Normal,Cover,51.0,46.0,48.5
1236,680,9997,2012-02-22 00:00:00,52,Balanced,49.0,Little,55.0,Mixed,Organised,52.0,Normal,55.0,Normal,47.0,Normal,Organised,32,Deep,40.0,Press,41.0,Normal,Cover,51.333333333333336,37.666666666666664,44.5
1237,232,9985,2010-02-22 00:00:00,53,Balanced,49.0,Little,40.0,Mixed,Organised,55.0,Normal,55.0,Normal,65.0,Normal,Organised,69,High,70.0,Double,65.0,Normal,Cover,58.333333333333336,68.0,63.16666666666667
1238,232,9985,2011-02-22 00:00:00,68,Fast,49.0,Little,66.0,Mixed,Organised,53.0,Normal,66.0,Normal,63.0,Normal,Free Form,59,Medium,47.0,Press,66.0,Normal,Cover,60.666666666666664,57.333333333333336,59.0
1239,232,9985,2012-02-22 00:00:00,75,Fast,49.0,Little,70.0,Long,Organised,55.0,Normal,58.0,Normal,60.0,Normal,Organised,45,Medium,60.0,Press,52.0,Normal,Cover,57.666666666666664,52.333333333333336,55.0
1240,232,9985,2013-09-20 00:00:00,54,Balanced,49.0,Little,62.0,Mixed,Organised,55.0,Normal,58.0,Normal,60.0,Normal,Organised,45,Medium,60.0,Press,52.0,Normal,Cover,57.666666666666664,52.333333333333336,55.0
1241,232,9985,2014-09-19 00:00:00,54,Balanced,45.0,Normal,62.0,Mixed,Organised,55.0,Normal,58.0,Normal,60.0,Normal,Organised,45,Medium,54.0,Press,52.0,Normal,Cover,57.666666666666664,50.333333333333336,54.0
1242,232,9985,2015-09-10 00:00:00,54,Balanced,45.0,Normal,62.0,Mixed,Organised,55.0,Normal,58.0,Normal,60.0,Normal,Organised,45,Medium,54.0,Press,52.0,Normal,Cover,57.666666666666664,50.333333333333336,54.0
1243,1806,10194,2010-02-22 00:00:00,65,Balanced,49.0,Little,70.0,Long,Organised,70.0,Risky,70.0,Lots,55.0,Normal,Organised,35,Medium,70.0,Double,35.0,Normal,Cover,65.0,46.666666666666664,55.83333333333333
1244,1806,10194,2011-02-22 00:00:00,50,Balanced,49.0,Little,77.5,Long,Organised,30.0,Safe,70.0,Lots,35.0,Normal,Organised,25,Deep,65.0,Press,50.0,Normal,Cover,45.0,46.666666666666664,45.83333333333333
1245,1806,10194,2012-02-22 00:00:00,75,Fast,49.0,Little,75.0,Long,Organised,40.0,Normal,72.0,Lots,55.0,Normal,Organised,50,Medium,58.0,Press,45.0,Normal,Cover,55.666666666666664,51.0,53.33333333333333
1246,1806,10194,2013-09-20 00:00:00,75,Fast,49.0,Little,73.0,Long,Organised,59.0,Normal,61.0,Normal,38.0,Normal,Organised,32,Deep,37.0,Press,41.0,Normal,Cover,52.666666666666664,36.666666666666664,44.666666666666664
1247,1806,10194,2014-09-19 00:00:00,48,Balanced,24.0,Little,55.0,Mixed,Organised,51.0,Normal,57.0,Normal,37.0,Normal,Organised,38,Medium,40.0,Press,41.0,Normal,Cover,48.333333333333336,39.666666666666664,44.0
1248,1806,10194,2015-09-10 00:00:00,48,Balanced,41.0,Normal,49.0,Mixed,Organised,51.0,Normal,59.0,Normal,49.0,Normal,Organised,44,Medium,37.0,Press,51.0,Normal,Cover,53.0,44.0,48.5
1249,106,8472,2010-02-22 00:00:00,60,Balanced,49.0,Little,70.0,Long,Organised,70.0,Risky,70.0,Lots,55.0,Normal,Organised,35,Medium,70.0,Double,35.0,Normal,Cover,65.0,46.666666666666664,55.83333333333333
1250,106,8472,2011-02-22 00:00:00,55,Balanced,49.0,Little,55.0,Mixed,Organised,55.0,Normal,65.0,Normal,55.0,Normal,Organised,45,Medium,55.0,Press,65.0,Normal,Cover,58.333333333333336,55.0,56.66666666666667
1251,106,8472,2012-02-22 00:00:00,67,Fast,49.0,Little,62.0,Mixed,Organised,44.0,Normal,72.0,Lots,59.0,Normal,Organised,47,Medium,53.0,Press,60.0,Normal,Cover,58.333333333333336,53.333333333333336,55.833333333333336
1252,106,8472,2013-09-20 00:00:00,57,Balanced,49.0,Little,66.0,Mixed,Organised,56.0,Normal,31.0,Little,72.0,Lots,Organised,47,Medium,52.0,Press,49.0,Normal,Cover,53.0,49.333333333333336,51.16666666666667
1253,106,8472,2014-09-19 00:00:00,60,Balanced,33.0,Little,61.0,Mixed,Organised,56.0,Normal,44.0,Normal,58.0,Normal,Organised,41,Medium,38.0,Press,53.0,Normal,Cover,52.666666666666664,44.0,48.33333333333333
1254,106,8472,2015-09-10 00:00:00,43,Balanced,43.0,Normal,51.0,Mixed,Organised,59.0,Normal,50.0,Normal,55.0,Normal,Organised,47,Medium,45.0,Press,49.0,Normal,Cover,54.666666666666664,47.0,50.83333333333333
1255,1960,10003,2010-02-22 00:00:00,65,Balanced,49.0,Little,70.0,Long,Organised,70.0,Risky,70.0,Lots,70.0,Lots,Organised,69,High,70.0,Double,70.0,Wide,Cover,70.0,69.66666666666667,69.83333333333334
1256,1960,10003,2011-02-22 00:00:00,66,Balanced,49.0,Little,34.0,Mixed,Organised,52.0,Normal,51.0,Normal,64.0,Normal,Organised,44,Medium,47.0,Press,64.0,Normal,Cover,55.666666666666664,51.666666666666664,53.666666666666664
1257,1960,10003,2012-02-22 00:00:00,26,Slow,49.0,Little,24.0,Short,Organised,62.0,Normal,39.0,Normal,57.0,Normal,Free Form,48,Medium,58.0,Press,60.0,Normal,Cover,52.666666666666664,55.333333333333336,54.0
1258,1960,10003,2013-09-20 00:00:00,41,Balanced,49.0,Little,39.0,Mixed,Organised,36.0,Normal,42.0,Normal,44.0,Normal,Free Form,52,Medium,58.0,Press,57.0,Normal,Cover,40.666666666666664,55.666666666666664,48.166666666666664
1259,1960,10003,2014-09-19 00:00:00,63,Balanced,34.0,Normal,34.0,Mixed,Organised,34.0,Normal,51.0,Normal,36.0,Normal,Free Form,51,Medium,58.0,Press,54.0,Normal,Cover,40.333333333333336,54.333333333333336,47.333333333333336
1260,1960,10003,2015-09-10 00:00:00,45,Balanced,44.0,Normal,42.0,Mixed,Organised,34.0,Normal,36.0,Normal,55.0,Normal,Free Form,31,Deep,47.0,Press,42.0,Normal,Cover,41.666666666666664,40.0,40.83333333333333
1261,260,9867,2010-02-22 00:00:00,30,Slow,49.0,Little,30.0,Short,Organised,45.0,Normal,30.0,Little,65.0,Normal,Organised,50,Medium,30.0,Contain,45.0,Normal,Cover,46.666666666666664,41.666666666666664,44.166666666666664
1262,260,9867,2011-02-22 00:00:00,56,Balanced,49.0,Little,51.0,Mixed,Organised,68.0,Risky,52.0,Normal,60.0,Normal,Organised,57,Medium,50.0,Press,67.0,Wide,Cover,60.0,58.0,59.0
1263,260,9867,2014-09-19 00:00:00,56,Balanced,50.0,Normal,57.0,Mixed,Organised,56.0,Normal,51.0,Normal,54.0,Normal,Organised,52,Medium,50.0,Press,65.0,Normal,Cover,53.666666666666664,55.666666666666664,54.666666666666664
1264,260,9867,2015-09-10 00:00:00,56,Balanced,50.0,Normal,57.0,Mixed,Organised,56.0,Normal,51.0,Normal,54.0,Normal,Organised,52,Medium,50.0,Press,69.0,Wide,Cover,53.666666666666664,57.0,55.33333333333333
1265,1715,10191,2011-02-22 00:00:00,51,Balanced,49.0,Little,39.0,Mixed,Organised,54.0,Normal,46.0,Normal,31.0,Little,Organised,37,Medium,34.0,Press,46.0,Normal,Cover,43.666666666666664,39.0,41.33333333333333
1266,1715,10191,2012-02-22 00:00:00,58,Balanced,49.0,Little,35.0,Mixed,Organised,67.0,Risky,32.0,Little,66.0,Normal,Organised,47,Medium,45.0,Press,53.0,Normal,Cover,55.0,48.333333333333336,51.66666666666667
1267,1715,10191,2013-09-20 00:00:00,58,Balanced,49.0,Little,35.0,Mixed,Organised,67.0,Risky,32.0,Little,66.0,Normal,Organised,47,Medium,45.0,Press,53.0,Normal,Cover,55.0,48.333333333333336,51.66666666666667
1268,1715,10191,2014-09-19 00:00:00,58,Balanced,59.0,Normal,35.0,Mixed,Organised,64.0,Normal,36.0,Normal,66.0,Normal,Organised,47,Medium,45.0,Press,53.0,Normal,Cover,55.333333333333336,48.333333333333336,51.833333333333336
1269,1715,10191,2015-09-10 00:00:00,58,Balanced,59.0,Normal,35.0,Mixed,Organised,64.0,Normal,36.0,Normal,66.0,Normal,Organised,47,Medium,45.0,Press,53.0,Normal,Cover,55.333333333333336,48.333333333333336,51.833333333333336
1270,54,9804,2010-02-22 00:00:00,45,Balanced,49.0,Little,35.0,Mixed,Organised,40.0,Normal,30.0,Little,70.0,Lots,Free Form,45,Medium,35.0,Press,55.0,Normal,Cover,46.666666666666664,45.0,45.83333333333333
1271,54,9804,2011-02-22 00:00:00,45,Balanced,49.0,Little,35.0,Mixed,Organised,40.0,Normal,47.0,Normal,35.0,Normal,Organised,45,Medium,45.0,Press,55.0,Normal,Cover,40.666666666666664,48.333333333333336,44.5
1272,54,9804,2012-02-22 00:00:00,50,Balanced,49.0,Little,50.0,Mixed,Organised,50.0,Normal,65.0,Normal,50.0,Normal,Organised,35,Medium,45.0,Press,50.0,Normal,Cover,55.0,43.333333333333336,49.16666666666667
1273,54,9804,2013-09-20 00:00:00,71,Fast,49.0,Little,36.0,Mixed,Organised,37.0,Normal,72.0,Lots,53.0,Normal,Free Form,39,Medium,46.0,Press,52.0,Normal,Cover,54.0,45.666666666666664,49.83333333333333
1274,54,9804,2014-09-19 00:00:00,76,Fast,69.0,Lots,64.0,Mixed,Organised,64.0,Normal,72.0,Lots,53.0,Normal,Organised,39,Medium,34.0,Press,52.0,Normal,Cover,63.0,41.666666666666664,52.33333333333333
1275,54,9804,2015-09-10 00:00:00,69,Fast,69.0,Lots,36.0,Mixed,Organised,37.0,Normal,69.0,Lots,53.0,Normal,Organised,39,Medium,46.0,Press,52.0,Normal,Cover,53.0,45.666666666666664,49.33333333333333
1276,18,8586,2010-02-22 00:00:00,70,Fast,49.0,Little,50.0,Mixed,Organised,50.0,Normal,65.0,Normal,50.0,Normal,Organised,50,Medium,50.0,Press,50.0,Normal,Cover,55.0,50.0,52.5
1277,18,8586,2011-02-22 00:00:00,60,Balanced,49.0,Little,55.0,Mixed,Free Form,70.0,Risky,70.0,Lots,70.0,Lots,Organised,30,Deep,40.0,Press,60.0,Normal,Cover,70.0,43.333333333333336,56.66666666666667
1278,18,8586,2012-02-22 00:00:00,44,Balanced,49.0,Little,47.0,Mixed,Organised,52.0,Normal,63.0,Normal,61.0,Normal,Organised,43,Medium,44.0,Press,51.0,Normal,Cover,58.666666666666664,46.0,52.33333333333333
1279,18,8586,2013-09-20 00:00:00,42,Balanced,49.0,Little,46.0,Mixed,Organised,45.0,Normal,58.0,Normal,68.0,Lots,Organised,63,Medium,61.0,Press,57.0,Normal,Cover,57.0,60.333333333333336,58.66666666666667
1280,18,8586,2014-09-19 00:00:00,41,Balanced,35.0,Normal,38.0,Mixed,Organised,41.0,Normal,59.0,Normal,62.0,Normal,Organised,58,Medium,51.0,Press,56.0,Normal,Cover,54.0,55.0,54.5
1281,18,8586,2015-09-10 00:00:00,47,Balanced,46.0,Normal,40.0,Mixed,Organised,41.0,Normal,41.0,Normal,63.0,Normal,Organised,63,Medium,54.0,Press,56.0,Normal,Cover,48.333333333333336,57.666666666666664,53.0
1282,1809,9941,2010-02-22 00:00:00,35,Balanced,49.0,Little,70.0,Long,Organised,45.0,Normal,70.0,Lots,35.0,Normal,Organised,30,Deep,45.0,Press,30.5,Narrow,Cover,50.0,35.166666666666664,42.58333333333333
1283,1809,9941,2011-02-22 00:00:00,65,Balanced,49.0,Little,50.0,Mixed,Organised,50.0,Normal,50.0,Normal,65.0,Normal,Organised,35,Medium,55.0,Press,50.0,Normal,Cover,55.0,46.666666666666664,50.83333333333333
1284,1809,9941,2012-02-22 00:00:00,49,Balanced,49.0,Little,53.0,Mixed,Organised,52.0,Normal,34.0,Normal,36.0,Normal,Organised,36,Medium,45.0,Press,49.0,Normal,Cover,40.666666666666664,43.333333333333336,42.0
1285,1809,9941,2013-09-20 00:00:00,49,Balanced,49.0,Little,53.0,Mixed,Organised,52.0,Normal,34.0,Normal,36.0,Normal,Organised,36,Medium,45.0,Press,49.0,Normal,Cover,40.666666666666664,43.333333333333336,42.0
1286,1809,9941,2014-09-19 00:00:00,49,Balanced,56.0,Normal,53.0,Mixed,Organised,52.0,Normal,34.0,Normal,57.0,Normal,Organised,36,Medium,52.0,Press,49.0,Normal,Cover,47.666666666666664,45.666666666666664,46.666666666666664
1287,1809,9941,2015-09-10 00:00:00,49,Balanced,56.0,Normal,53.0,Mixed,Organised,52.0,Normal,34.0,Normal,36.0,Normal,Organised,36,Medium,45.0,Press,49.0,Normal,Cover,40.666666666666664,43.333333333333336,42.0
1288,294,10242,2011-02-22 00:00:00,35,Balanced,49.0,Little,50.0,Mixed,Organised,50.0,Normal,50.0,Normal,35.0,Normal,Organised,45,Medium,45.0,Press,50.0,Normal,Cover,45.0,46.666666666666664,45.83333333333333
1289,294,10242,2012-02-22 00:00:00,49,Balanced,49.0,Little,51.0,Mixed,Organised,52.0,Normal,49.0,Normal,49.0,Normal,Organised,43,Medium,42.0,Press,52.0,Normal,Cover,50.0,45.666666666666664,47.83333333333333
1290,294,10242,2013-09-20 00:00:00,49,Balanced,49.0,Little,51.0,Mixed,Organised,52.0,Normal,49.0,Normal,49.0,Normal,Organised,43,Medium,42.0,Press,52.0,Normal,Cover,50.0,45.666666666666664,47.83333333333333
1291,294,10242,2014-09-19 00:00:00,49,Balanced,48.0,Normal,51.0,Mixed,Organised,52.0,Normal,49.0,Normal,46.0,Normal,Organised,43,Medium,42.0,Press,52.0,Normal,Cover,49.0,45.666666666666664,47.33333333333333
1292,294,10242,2015-09-10 00:00:00,49,Balanced,48.0,Normal,51.0,Mixed,Organised,52.0,Normal,49.0,Normal,46.0,Normal,Organised,43,Medium,42.0,Press,52.0,Normal,Cover,49.0,45.666666666666664,47.33333333333333
1293,1908,8611,2010-02-22 00:00:00,30,Slow,49.0,Little,30.0,Short,Organised,40.0,Normal,40.0,Normal,65.0,Normal,Organised,30,Deep,30.0,Contain,30.5,Narrow,Cover,48.333333333333336,30.166666666666668,39.25
1294,1908,8611,2011-02-22 00:00:00,55,Balanced,49.0,Little,55.0,Mixed,Free Form,63.0,Normal,62.0,Normal,47.0,Normal,Free Form,61,Medium,59.0,Press,54.0,Normal,Cover,57.333333333333336,58.0,57.66666666666667
1295,1908,8611,2012-02-22 00:00:00,25,Slow,49.0,Little,28.0,Short,Organised,44.0,Normal,68.0,Lots,37.0,Normal,Organised,62,Medium,68.0,Double,67.0,Wide,Cover,49.666666666666664,65.66666666666667,57.66666666666667
1296,1908,8611,2013-09-20 00:00:00,35,Balanced,49.0,Little,38.0,Mixed,Organised,44.0,Normal,50.0,Normal,41.0,Normal,Free Form,34,Medium,44.0,Press,54.0,Normal,Cover,45.0,44.0,44.5
1297,1908,8611,2014-09-19 00:00:00,38,Balanced,39.0,Normal,34.0,Mixed,Organised,63.0,Normal,65.0,Normal,37.0,Normal,Organised,44,Medium,41.0,Press,55.0,Normal,Cover,55.0,46.666666666666664,50.83333333333333
1298,1908,8611,2015-09-10 00:00:00,48,Balanced,40.0,Normal,43.0,Mixed,Organised,43.0,Normal,58.0,Normal,39.0,Normal,Organised,44,Medium,41.0,Press,55.0,Normal,Cover,46.666666666666664,46.666666666666664,46.666666666666664
1299,55,8600,2010-02-22 00:00:00,64,Balanced,49.0,Little,35.0,Mixed,Organised,30.0,Safe,50.0,Normal,70.0,Lots,Organised,35,Medium,30.0,Contain,55.0,Normal,Offside Trap,50.0,40.0,45.0
1300,55,8600,2011-02-22 00:00:00,70,Fast,49.0,Little,49.0,Mixed,Organised,66.0,Normal,50.0,Normal,50.0,Normal,Organised,44,Medium,45.0,Press,55.0,Normal,Offside Trap,55.333333333333336,48.0,51.66666666666667
1301,55,8600,2012-02-22 00:00:00,75,Fast,49.0,Little,45.0,Mixed,Organised,65.0,Normal,65.0,Normal,50.0,Normal,Organised,45,Medium,55.0,Press,50.0,Normal,Cover,60.0,50.0,55.0
1302,55,8600,2013-09-20 00:00:00,78,Fast,49.0,Little,63.0,Mixed,Free Form,69.0,Risky,78.0,Lots,52.0,Normal,Free Form,40,Medium,63.0,Press,57.0,Normal,Cover,66.33333333333333,53.333333333333336,59.83333333333333
1303,55,8600,2014-09-19 00:00:00,71,Fast,71.0,Lots,63.0,Mixed,Organised,69.0,Risky,78.0,Lots,52.0,Normal,Organised,40,Medium,46.0,Press,57.0,Normal,Cover,66.33333333333333,47.666666666666664,57.0
1304,55,8600,2015-09-10 00:00:00,68,Fast,54.0,Normal,63.0,Mixed,Organised,69.0,Risky,68.0,Lots,52.0,Normal,Organised,40,Medium,57.0,Press,57.0,Normal,Cover,63.0,51.333333333333336,57.16666666666667
1305,1895,9771,2010-02-22 00:00:00,50,Balanced,49.0,Little,50.0,Mixed,Organised,50.0,Normal,50.0,Normal,50.0,Normal,Organised,50,Medium,50.0,Press,50.0,Normal,Cover,50.0,50.0,50.0
1306,1895,9771,2011-02-22 00:00:00,50,Balanced,49.0,Little,50.0,Mixed,Organised,50.0,Normal,50.0,Normal,50.0,Normal,Organised,50,Medium,50.0,Press,50.0,Normal,Cover,50.0,50.0,50.0
1307,1895,9771,2012-02-22 00:00:00,36,Balanced,49.0,Little,36.0,Mixed,Organised,52.0,Normal,50.0,Normal,46.0,Normal,Organised,53,Medium,45.0,Press,56.0,Normal,Cover,49.333333333333336,51.333333333333336,50.333333333333336
1308,461,10267,2010-02-22 00:00:00,30,Slow,49.0,Little,30.0,Short,Free Form,55.0,Normal,60.0,Normal,70.0,Lots,Organised,55,Medium,60.0,Press,60.0,Normal,Offside Trap,61.666666666666664,58.333333333333336,60.0
1309,461,10267,2011-02-22 00:00:00,41,Balanced,49.0,Little,40.0,Mixed,Organised,56.0,Normal,55.0,Normal,64.0,Normal,Free Form,40,Medium,48.0,Press,54.0,Normal,Cover,58.333333333333336,47.333333333333336,52.833333333333336
1310,461,10267,2012-02-22 00:00:00,20,Slow,49.0,Little,35.0,Mixed,Organised,38.0,Normal,56.0,Normal,55.0,Normal,Organised,51,Medium,38.0,Press,59.0,Normal,Cover,49.666666666666664,49.333333333333336,49.5
1311,461,10267,2013-09-20 00:00:00,20,Slow,49.0,Little,35.0,Mixed,Organised,38.0,Normal,56.0,Normal,55.0,Normal,Organised,51,Medium,38.0,Press,59.0,Normal,Cover,49.666666666666664,49.333333333333336,49.5
1312,461,10267,2014-09-19 00:00:00,30,Slow,45.0,Normal,35.0,Mixed,Organised,38.0,Normal,56.0,Normal,55.0,Normal,Organised,51,Medium,38.0,Press,59.0,Normal,Cover,49.666666666666664,49.333333333333336,49.5
1313,461,10267,2015-09-10 00:00:00,35,Balanced,46.0,Normal,35.0,Mixed,Organised,37.0,Normal,51.0,Normal,58.0,Normal,Organised,49,Medium,45.0,Press,53.0,Normal,Cover,48.666666666666664,49.0,48.83333333333333
1314,110456,9873,2010-02-22 00:00:00,60,Balanced,49.0,Little,70.0,Long,Organised,50.0,Normal,60.0,Normal,60.0,Normal,Organised,30,Deep,55.0,Press,30.5,Narrow,Cover,56.666666666666664,38.5,47.58333333333333
1315,110456,9873,2011-02-22 00:00:00,65,Balanced,49.0,Little,50.0,Mixed,Organised,50.0,Normal,65.0,Normal,50.0,Normal,Organised,45,Medium,45.0,Press,65.0,Normal,Cover,55.0,51.666666666666664,53.33333333333333
1316,110456,9873,2012-02-22 00:00:00,49,Balanced,49.0,Little,50.0,Mixed,Organised,51.0,Normal,60.0,Normal,61.0,Normal,Organised,43,Medium,57.0,Press,51.0,Normal,Cover,57.333333333333336,50.333333333333336,53.833333333333336
1317,110456,9873,2013-09-20 00:00:00,49,Balanced,49.0,Little,50.0,Mixed,Organised,51.0,Normal,76.0,Lots,61.0,Normal,Organised,43,Medium,57.0,Press,51.0,Normal,Cover,62.666666666666664,50.333333333333336,56.5
1318,110456,9873,2014-09-19 00:00:00,49,Balanced,59.0,Normal,52.0,Mixed,Organised,51.0,Normal,67.0,Lots,56.0,Normal,Organised,47,Medium,51.0,Press,46.0,Normal,Cover,58.0,48.0,53.0
1319,110456,9873,2015-09-10 00:00:00,49,Balanced,59.0,Normal,52.0,Mixed,Organised,51.0,Normal,67.0,Lots,56.0,Normal,Organised,47,Medium,51.0,Press,46.0,Normal,Cover,58.0,48.0,53.0
1320,462,10281,2010-02-22 00:00:00,55,Balanced,49.0,Little,40.0,Mixed,Organised,45.0,Normal,30.0,Little,60.0,Normal,Organised,30,Deep,65.0,Press,30.5,Narrow,Cover,45.0,41.833333333333336,43.41666666666667
1321,462,10281,2011-02-22 00:00:00,54,Balanced,49.0,Little,55.0,Mixed,Organised,44.0,Normal,60.0,Normal,62.0,Normal,Organised,43,Medium,52.0,Press,59.0,Normal,Cover,55.333333333333336,51.333333333333336,53.333333333333336
1322,462,10281,2012-02-22 00:00:00,55,Balanced,49.0,Little,54.0,Mixed,Organised,58.0,Normal,73.0,Lots,41.0,Normal,Organised,51,Medium,50.0,Press,60.0,Normal,Cover,57.333333333333336,53.666666666666664,55.5
1323,462,10281,2013-09-20 00:00:00,55,Balanced,49.0,Little,54.0,Mixed,Organised,58.0,Normal,73.0,Lots,41.0,Normal,Organised,51,Medium,50.0,Press,60.0,Normal,Cover,57.333333333333336,53.666666666666664,55.5
1324,462,10281,2014-09-19 00:00:00,55,Balanced,44.0,Normal,54.0,Mixed,Organised,58.0,Normal,68.0,Lots,41.0,Normal,Organised,51,Medium,50.0,Press,60.0,Normal,Cover,55.666666666666664,53.666666666666664,54.666666666666664
1325,462,10281,2015-09-10 00:00:00,43,Balanced,40.0,Normal,65.0,Mixed,Organised,39.0,Normal,51.0,Normal,57.0,Normal,Organised,47,Medium,40.0,Press,47.0,Normal,Cover,49.0,44.666666666666664,46.83333333333333
1326,206,9876,2012-02-22 00:00:00,50,Balanced,49.0,Little,50.0,Mixed,Organised,50.0,Normal,50.0,Normal,50.0,Normal,Organised,45,Medium,55.0,Press,50.0,Normal,Cover,50.0,50.0,50.0
1327,206,9876,2013-09-20 00:00:00,58,Balanced,49.0,Little,63.0,Mixed,Organised,55.0,Normal,57.0,Normal,61.0,Normal,Organised,47,Medium,59.0,Press,63.0,Normal,Cover,57.666666666666664,56.333333333333336,57.0
1328,206,9876,2014-09-19 00:00:00,63,Balanced,46.0,Normal,48.0,Mixed,Organised,39.0,Normal,54.0,Normal,55.0,Normal,Organised,31,Deep,47.0,Press,37.0,Normal,Cover,49.333333333333336,38.333333333333336,43.833333333333336
1329,206,9876,2015-09-10 00:00:00,57,Balanced,29.0,Little,38.0,Mixed,Organised,39.0,Normal,54.0,Normal,55.0,Normal,Organised,47,Medium,59.0,Press,52.0,Normal,Cover,49.333333333333336,52.666666666666664,51.0
1330,36,10269,2010-02-22 00:00:00,70,Fast,49.0,Little,30.0,Short,Organised,60.0,Normal,70.0,Lots,70.0,Lots,Organised,65,Medium,50.0,Press,60.0,Normal,Cover,66.66666666666667,58.333333333333336,62.5
1331,36,10269,2011-02-22 00:00:00,64,Balanced,49.0,Little,48.0,Mixed,Organised,60.0,Normal,62.0,Normal,56.0,Normal,Organised,45,Medium,56.0,Press,39.0,Normal,Cover,59.333333333333336,46.666666666666664,53.0
1332,36,10269,2012-02-22 00:00:00,50,Balanced,49.0,Little,42.0,Mixed,Organised,56.0,Normal,66.0,Normal,48.0,Normal,Organised,47,Medium,44.0,Press,43.0,Normal,Cover,56.666666666666664,44.666666666666664,50.666666666666664
1333,36,10269,2013-09-20 00:00:00,59,Balanced,49.0,Little,41.0,Mixed,Organised,58.0,Normal,66.0,Normal,65.0,Normal,Organised,47,Medium,52.0,Press,38.0,Normal,Cover,63.0,45.666666666666664,54.33333333333333
1334,36,10269,2014-09-19 00:00:00,54,Balanced,61.0,Normal,53.0,Mixed,Organised,60.0,Normal,56.0,Normal,48.0,Normal,Organised,46,Medium,54.0,Press,40.0,Normal,Cover,54.666666666666664,46.666666666666664,50.666666666666664
1335,36,10269,2015-09-10 00:00:00,59,Balanced,55.0,Normal,41.0,Mixed,Organised,58.0,Normal,66.0,Normal,48.0,Normal,Organised,41,Medium,44.0,Press,32.0,Narrow,Cover,57.333333333333336,39.0,48.16666666666667
1336,483,10205,2010-02-22 00:00:00,64,Balanced,49.0,Little,30.0,Short,Free Form,55.0,Normal,35.0,Normal,70.0,Lots,Free Form,65,Medium,30.0,Contain,70.0,Wide,Offside Trap,53.333333333333336,55.0,54.16666666666667
1337,483,10205,2011-02-22 00:00:00,42,Balanced,49.0,Little,41.0,Mixed,Free Form,53.0,Normal,38.0,Normal,70.0,Lots,Free Form,50,Medium,48.0,Press,54.0,Normal,Cover,53.666666666666664,50.666666666666664,52.166666666666664
1338,483,10205,2012-02-22 00:00:00,20,Slow,49.0,Little,26.0,Short,Organised,43.0,Normal,57.0,Normal,58.0,Normal,Organised,51,Medium,51.0,Press,56.0,Normal,Cover,52.666666666666664,52.666666666666664,52.666666666666664
1339,483,10205,2013-09-20 00:00:00,24,Slow,49.0,Little,26.0,Short,Organised,43.0,Normal,57.0,Normal,58.0,Normal,Organised,51,Medium,51.0,Press,56.0,Normal,Cover,52.666666666666664,52.666666666666664,52.666666666666664
1340,483,10205,2014-09-19 00:00:00,35,Balanced,42.0,Normal,35.0,Mixed,Organised,43.0,Normal,57.0,Normal,58.0,Normal,Organised,51,Medium,51.0,Press,56.0,Normal,Cover,52.666666666666664,52.666666666666664,52.666666666666664
1341,483,10205,2015-09-10 00:00:00,48,Balanced,42.0,Normal,36.0,Mixed,Free Form,36.0,Normal,52.0,Normal,55.0,Normal,Free Form,47,Medium,48.0,Press,44.0,Normal,Cover,47.666666666666664,46.333333333333336,47.0
1342,1909,8277,2010-02-22 00:00:00,35,Balanced,49.0,Little,35.0,Mixed,Organised,40.0,Normal,50.0,Normal,60.0,Normal,Organised,30,Deep,30.0,Contain,30.5,Narrow,Cover,50.0,30.166666666666668,40.083333333333336
1343,1909,8277,2011-02-22 00:00:00,33,Slow,49.0,Little,50.0,Mixed,Organised,68.0,Risky,51.0,Normal,54.0,Normal,Organised,55,Medium,60.0,Press,64.0,Normal,Cover,57.666666666666664,59.666666666666664,58.666666666666664
1344,1909,8277,2012-02-22 00:00:00,37,Balanced,49.0,Little,30.0,Short,Organised,57.0,Normal,42.0,Normal,56.0,Normal,Organised,42,Medium,54.0,Press,48.0,Normal,Cover,51.666666666666664,48.0,49.83333333333333
1345,1909,8277,2013-09-20 00:00:00,37,Balanced,49.0,Little,39.0,Mixed,Organised,52.0,Normal,42.0,Normal,62.0,Normal,Organised,42,Medium,45.0,Press,48.0,Normal,Cover,52.0,45.0,48.5
1346,1909,8277,2014-09-19 00:00:00,53,Balanced,55.0,Normal,32.0,Short,Organised,53.0,Normal,54.0,Normal,56.0,Normal,Organised,42,Medium,54.0,Press,62.0,Normal,Cover,54.333333333333336,52.666666666666664,53.5
1347,1909,8277,2015-09-10 00:00:00,57,Balanced,40.0,Normal,48.0,Mixed,Free Form,53.0,Normal,37.0,Normal,71.0,Lots,Free Form,60,Medium,58.0,Press,62.0,Normal,Cover,53.666666666666664,60.0,56.83333333333333
1348,1887,7844,2010-02-22 00:00:00,30,Slow,49.0,Little,30.0,Short,Organised,55.0,Normal,55.0,Normal,55.0,Normal,Organised,30,Deep,30.0,Contain,30.5,Narrow,Offside Trap,55.0,30.166666666666668,42.583333333333336
1349,1887,7844,2011-02-22 00:00:00,65,Balanced,49.0,Little,47.0,Mixed,Organised,65.0,Normal,50.0,Normal,49.0,Normal,Organised,55,Medium,55.0,Press,48.0,Normal,Offside Trap,54.666666666666664,52.666666666666664,53.666666666666664
1350,1887,7844,2012-02-22 00:00:00,40,Balanced,49.0,Little,39.0,Mixed,Organised,53.0,Normal,68.0,Lots,58.0,Normal,Organised,50,Medium,59.0,Press,68.0,Wide,Cover,59.666666666666664,59.0,59.33333333333333
1351,1887,7844,2013-09-20 00:00:00,40,Balanced,49.0,Little,39.0,Mixed,Organised,53.0,Normal,68.0,Lots,58.0,Normal,Organised,50,Medium,59.0,Press,64.0,Normal,Cover,59.666666666666664,57.666666666666664,58.666666666666664
1352,1887,7844,2014-09-19 00:00:00,40,Balanced,52.0,Normal,39.0,Mixed,Organised,53.0,Normal,62.0,Normal,58.0,Normal,Organised,37,Medium,40.0,Press,64.0,Normal,Cover,57.666666666666664,47.0,52.33333333333333
1353,1887,7844,2015-09-10 00:00:00,40,Balanced,52.0,Normal,39.0,Mixed,Organised,53.0,Normal,62.0,Normal,58.0,Normal,Organised,37,Medium,40.0,Press,64.0,Normal,Cover,57.666666666666664,47.0,52.33333333333333
1354,665,10238,2010-02-22 00:00:00,30,Slow,49.0,Little,30.0,Short,Organised,60.0,Normal,50.0,Normal,55.0,Normal,Organised,30,Deep,30.0,Contain,30.5,Narrow,Cover,55.0,30.166666666666668,42.583333333333336
1355,665,10238,2011-02-22 00:00:00,50,Balanced,49.0,Little,50.0,Mixed,Organised,50.0,Normal,65.0,Normal,50.0,Normal,Organised,35,Medium,55.0,Press,50.0,Normal,Cover,55.0,46.666666666666664,50.83333333333333
1356,665,10238,2012-02-22 00:00:00,56,Balanced,49.0,Little,42.0,Mixed,Organised,54.0,Normal,52.0,Normal,52.0,Normal,Organised,37,Medium,37.0,Press,58.0,Normal,Cover,52.666666666666664,44.0,48.33333333333333
1357,665,10238,2013-09-20 00:00:00,56,Balanced,49.0,Little,42.0,Mixed,Organised,54.0,Normal,52.0,Normal,52.0,Normal,Organised,37,Medium,37.0,Press,58.0,Normal,Cover,52.666666666666664,44.0,48.33333333333333
1358,665,10238,2014-09-19 00:00:00,56,Balanced,49.0,Normal,42.0,Mixed,Organised,54.0,Normal,52.0,Normal,52.0,Normal,Organised,37,Medium,37.0,Press,58.0,Normal,Cover,52.666666666666664,44.0,48.33333333333333
1359,665,10238,2015-09-10 00:00:00,58,Balanced,49.0,Normal,42.0,Mixed,Organised,54.0,Normal,52.0,Normal,52.0,Normal,Organised,37,Medium,37.0,Press,58.0,Normal,Cover,52.666666666666664,44.0,48.33333333333333
1360,100651,9839,2010-02-22 00:00:00,50,Balanced,49.0,Little,50.0,Mixed,Organised,50.0,Normal,50.0,Normal,50.0,Normal,Organised,50,Medium,50.0,Press,50.0,Normal,Cover,50.0,50.0,50.0
1361,100651,9839,2011-02-22 00:00:00,50,Balanced,49.0,Little,42.0,Mixed,Organised,50.0,Normal,62.0,Normal,50.0,Normal,Organised,38,Medium,47.0,Press,49.0,Normal,Cover,54.0,44.666666666666664,49.33333333333333
1362,100651,9839,2012-02-22 00:00:00,41,Balanced,49.0,Little,52.0,Mixed,Organised,48.0,Normal,60.0,Normal,47.0,Normal,Organised,46,Medium,55.0,Press,54.0,Normal,Cover,51.666666666666664,51.666666666666664,51.666666666666664
1363,100651,9839,2013-09-20 00:00:00,41,Balanced,49.0,Little,52.0,Mixed,Organised,60.0,Normal,52.0,Normal,52.0,Normal,Organised,29,Deep,42.0,Press,49.0,Normal,Cover,54.666666666666664,40.0,47.33333333333333
1364,110913,8475,2013-09-20 00:00:00,62,Balanced,49.0,Little,53.0,Mixed,Organised,50.0,Normal,30.0,Little,54.0,Normal,Free Form,30,Deep,49.0,Press,35.0,Normal,Cover,44.666666666666664,38.0,41.33333333333333
1365,110913,8475,2014-09-19 00:00:00,38,Balanced,45.0,Normal,39.0,Mixed,Organised,29.0,Safe,30.0,Little,39.0,Normal,Organised,25,Deep,37.0,Press,35.0,Normal,Cover,32.666666666666664,32.333333333333336,32.5
1366,110913,8475,2015-09-10 00:00:00,38,Balanced,45.0,Normal,49.0,Mixed,Organised,45.0,Normal,42.0,Normal,53.0,Normal,Organised,27,Deep,32.0,Contain,35.0,Normal,Cover,46.666666666666664,31.333333333333332,39.0
1367,1795,9817,2010-02-22 00:00:00,70,Fast,49.0,Little,70.0,Long,Organised,70.0,Risky,70.0,Lots,65.0,Normal,Organised,69,High,70.0,Double,65.0,Normal,Cover,68.33333333333333,68.0,68.16666666666666
1368,1795,9817,2011-02-22 00:00:00,64,Balanced,49.0,Little,53.0,Mixed,Organised,67.0,Risky,67.0,Lots,48.0,Normal,Organised,44,Medium,47.0,Press,66.0,Normal,Cover,60.666666666666664,52.333333333333336,56.5
1369,1795,9817,2012-02-22 00:00:00,66,Balanced,49.0,Little,66.0,Mixed,Organised,45.0,Normal,60.0,Normal,60.0,Normal,Organised,48,Medium,50.0,Press,45.0,Normal,Cover,55.0,47.666666666666664,51.33333333333333
1370,1795,9817,2013-09-20 00:00:00,67,Fast,49.0,Little,45.0,Mixed,Organised,45.0,Normal,38.0,Normal,53.0,Normal,Free Form,38,Medium,52.0,Press,45.0,Normal,Cover,45.333333333333336,45.0,45.16666666666667
1371,1795,9817,2014-09-19 00:00:00,61,Balanced,43.0,Normal,56.0,Mixed,Organised,54.0,Normal,44.0,Normal,55.0,Normal,Free Form,38,Medium,52.0,Press,45.0,Normal,Cover,51.0,45.0,48.0
1372,1795,9817,2015-09-10 00:00:00,61,Balanced,32.0,Little,52.0,Mixed,Organised,54.0,Normal,42.0,Normal,45.0,Normal,Free Form,38,Medium,52.0,Press,45.0,Normal,Cover,47.0,45.0,46.0
1373,38,8697,2010-02-22 00:00:00,70,Fast,49.0,Little,40.0,Mixed,Organised,70.0,Risky,40.0,Normal,70.0,Lots,Organised,69,High,65.0,Press,70.0,Wide,Cover,60.0,68.0,64.0
1374,38,8697,2011-02-22 00:00:00,64,Balanced,49.0,Little,40.0,Mixed,Organised,65.0,Normal,48.0,Normal,64.0,Normal,Organised,64,Medium,48.0,Press,68.0,Wide,Cover,59.0,60.0,59.5
1375,38,8697,2012-02-22 00:00:00,54,Balanced,49.0,Little,40.0,Mixed,Organised,68.0,Risky,58.0,Normal,48.0,Normal,Organised,49,Medium,50.0,Press,65.0,Normal,Cover,58.0,54.666666666666664,56.33333333333333
1376,38,8697,2013-09-20 00:00:00,68,Fast,49.0,Little,33.0,Short,Organised,71.0,Risky,67.0,Lots,78.0,Lots,Organised,60,Medium,50.0,Press,64.0,Normal,Cover,72.0,58.0,65.0
1377,38,8697,2014-09-19 00:00:00,40,Balanced,55.0,Normal,47.0,Mixed,Organised,37.0,Normal,40.0,Normal,51.0,Normal,Organised,40,Medium,50.0,Press,45.0,Normal,Cover,42.666666666666664,45.0,43.83333333333333
1378,38,8697,2015-09-10 00:00:00,56,Balanced,55.0,Normal,63.0,Mixed,Organised,68.0,Risky,66.0,Normal,58.0,Normal,Organised,63,Medium,47.0,Press,73.0,Wide,Cover,64.0,61.0,62.5
1379,109,8659,2010-02-22 00:00:00,65,Balanced,49.0,Little,40.0,Mixed,Organised,70.0,Risky,70.0,Lots,55.0,Normal,Organised,69,High,70.0,Double,70.0,Wide,Cover,65.0,69.66666666666667,67.33333333333334
1380,109,8659,2011-02-22 00:00:00,60,Balanced,49.0,Little,65.0,Mixed,Organised,40.0,Normal,50.0,Normal,45.0,Normal,Organised,35,Medium,55.0,Press,60.0,Normal,Cover,45.0,50.0,47.5
1381,109,8659,2012-02-22 00:00:00,48,Balanced,49.0,Little,48.0,Mixed,Organised,45.0,Normal,60.0,Normal,54.0,Normal,Organised,38,Medium,38.0,Press,52.0,Normal,Cover,53.0,42.666666666666664,47.83333333333333
1382,109,8659,2013-09-20 00:00:00,55,Balanced,49.0,Little,54.0,Mixed,Organised,57.0,Normal,53.0,Normal,57.0,Normal,Organised,33,Deep,31.0,Contain,49.0,Normal,Cover,55.666666666666664,37.666666666666664,46.666666666666664
1383,109,8659,2014-09-19 00:00:00,55,Balanced,34.0,Normal,51.0,Mixed,Organised,53.0,Normal,53.0,Normal,57.0,Normal,Organised,41,Medium,40.0,Press,49.0,Normal,Cover,54.333333333333336,43.333333333333336,48.833333333333336
1384,109,8659,2015-09-10 00:00:00,62,Balanced,32.0,Little,51.0,Mixed,Organised,53.0,Normal,50.0,Normal,60.0,Normal,Organised,41,Medium,40.0,Press,49.0,Normal,Cover,54.333333333333336,43.333333333333336,48.833333333333336
1385,19,8654,2010-02-22 00:00:00,58,Balanced,49.0,Little,30.0,Short,Organised,31.0,Safe,70.0,Lots,50.0,Normal,Organised,30,Deep,70.0,Double,30.5,Narrow,Cover,50.333333333333336,43.5,46.91666666666667
1386,19,8654,2011-02-22 00:00:00,35,Balanced,49.0,Little,35.0,Mixed,Organised,30.0,Safe,45.0,Normal,45.0,Normal,Organised,45,Medium,45.0,Press,50.0,Normal,Cover,40.0,46.666666666666664,43.33333333333333
1387,19,8654,2012-02-22 00:00:00,63,Balanced,49.0,Little,64.0,Mixed,Organised,44.0,Normal,60.0,Normal,55.0,Normal,Organised,30,Deep,34.0,Press,38.0,Normal,Cover,53.0,34.0,43.5
1388,19,8654,2013-09-20 00:00:00,72,Fast,49.0,Little,73.0,Long,Organised,61.0,Normal,74.0,Lots,32.0,Little,Organised,30,Deep,37.0,Press,41.0,Normal,Cover,55.666666666666664,36.0,45.83333333333333
1389,19,8654,2014-09-19 00:00:00,72,Fast,39.0,Normal,73.0,Long,Organised,68.0,Risky,71.0,Lots,32.0,Little,Organised,30,Deep,34.0,Press,41.0,Normal,Cover,57.0,35.0,46.0
1390,19,8654,2015-09-10 00:00:00,77,Fast,37.0,Normal,57.0,Mixed,Organised,68.0,Risky,73.0,Lots,29.0,Little,Organised,30,Deep,37.0,Press,41.0,Normal,Cover,56.666666666666664,36.0,46.33333333333333
1391,681,10001,2010-02-22 00:00:00,45,Balanced,49.0,Little,60.0,Mixed,Organised,40.0,Normal,45.0,Normal,55.0,Normal,Organised,69,High,70.0,Double,70.0,Wide,Cover,46.666666666666664,69.66666666666667,58.16666666666667
1392,681,10001,2011-02-22 00:00:00,34,Balanced,49.0,Little,52.0,Mixed,Free Form,66.0,Normal,48.0,Normal,53.0,Normal,Organised,48,Medium,59.0,Press,67.0,Wide,Cover,55.666666666666664,58.0,56.83333333333333
1393,681,10001,2012-02-22 00:00:00,52,Balanced,49.0,Little,50.0,Mixed,Organised,59.0,Normal,60.0,Normal,32.0,Little,Organised,48,Medium,45.0,Press,53.0,Normal,Cover,50.333333333333336,48.666666666666664,49.5
1394,681,10001,2015-09-10 00:00:00,52,Balanced,46.0,Normal,50.0,Mixed,Organised,57.0,Normal,55.0,Normal,32.0,Little,Organised,48,Medium,45.0,Press,53.0,Normal,Cover,48.0,48.666666666666664,48.33333333333333
1395,301,8024,2011-02-22 00:00:00,63,Balanced,49.0,Little,48.0,Mixed,Organised,48.0,Normal,68.0,Lots,53.0,Normal,Organised,37,Medium,58.0,Press,63.0,Normal,Cover,56.333333333333336,52.666666666666664,54.5
1396,301,8024,2012-02-22 00:00:00,66,Balanced,49.0,Little,72.0,Long,Organised,70.0,Risky,61.0,Normal,54.0,Normal,Organised,32,Deep,32.0,Contain,62.0,Normal,Cover,61.666666666666664,42.0,51.83333333333333
1397,301,8024,2013-09-20 00:00:00,66,Balanced,49.0,Little,59.0,Mixed,Organised,43.0,Normal,61.0,Normal,54.0,Normal,Organised,32,Deep,43.0,Press,46.0,Normal,Cover,52.666666666666664,40.333333333333336,46.5
1398,301,8024,2014-09-19 00:00:00,66,Balanced,52.0,Normal,72.0,Long,Organised,66.0,Normal,67.0,Lots,51.0,Normal,Organised,36,Medium,38.0,Press,65.0,Normal,Cover,61.333333333333336,46.333333333333336,53.833333333333336
1399,1917,8528,2010-02-22 00:00:00,70,Fast,49.0,Little,70.0,Long,Organised,70.0,Risky,70.0,Lots,50.0,Normal,Organised,35,Medium,70.0,Double,35.0,Normal,Cover,63.333333333333336,46.666666666666664,55.0
1400,1917,8528,2011-02-22 00:00:00,35,Balanced,49.0,Little,50.0,Mixed,Organised,45.0,Normal,65.0,Normal,50.0,Normal,Organised,45,Medium,55.0,Press,65.0,Normal,Cover,53.333333333333336,55.0,54.16666666666667
1401,1917,8528,2012-02-22 00:00:00,38,Balanced,49.0,Little,38.0,Mixed,Organised,54.0,Normal,42.0,Normal,42.0,Normal,Organised,40,Medium,42.0,Press,44.0,Normal,Cover,46.0,42.0,44.0
1402,1917,8528,2013-09-20 00:00:00,38,Balanced,49.0,Little,39.0,Mixed,Organised,43.0,Normal,42.0,Normal,34.0,Normal,Free Form,56,Medium,52.0,Press,44.0,Normal,Cover,39.666666666666664,50.666666666666664,45.166666666666664
1403,1917,8528,2014-09-19 00:00:00,51,Balanced,36.0,Normal,51.0,Mixed,Organised,52.0,Normal,55.0,Normal,57.0,Normal,Organised,62,Medium,57.0,Press,44.0,Normal,Cover,54.666666666666664,54.333333333333336,54.5
1404,1917,8528,2015-09-10 00:00:00,51,Balanced,37.0,Normal,56.0,Mixed,Organised,52.0,Normal,59.0,Normal,40.0,Normal,Organised,62,Medium,48.0,Press,44.0,Normal,Cover,50.333333333333336,51.333333333333336,50.833333333333336
1405,1907,8525,2010-02-22 00:00:00,35,Balanced,49.0,Little,30.0,Short,Organised,30.0,Safe,40.0,Normal,65.0,Normal,Organised,30,Deep,30.0,Contain,30.5,Narrow,Cover,45.0,30.166666666666668,37.583333333333336
1406,1907,8525,2011-02-22 00:00:00,72,Fast,49.0,Little,57.0,Mixed,Organised,70.0,Risky,47.0,Normal,49.0,Normal,Organised,28,Deep,63.0,Press,62.0,Normal,Cover,55.333333333333336,51.0,53.16666666666667
1407,1907,8525,2013-09-20 00:00:00,48,Balanced,49.0,Little,55.0,Mixed,Organised,48.0,Normal,53.0,Normal,46.0,Normal,Organised,43,Medium,35.0,Press,47.0,Normal,Cover,49.0,41.666666666666664,45.33333333333333
1408,1907,8525,2015-09-10 00:00:00,51,Balanced,36.0,Normal,63.0,Mixed,Organised,48.0,Normal,53.0,Normal,52.0,Normal,Organised,43,Medium,45.0,Press,47.0,Normal,Cover,51.0,45.0,48.0
1409,1873,10265,2010-02-22 00:00:00,40,Balanced,49.0,Little,35.0,Mixed,Organised,55.0,Normal,35.0,Normal,70.0,Lots,Organised,69,High,70.0,Double,65.0,Normal,Cover,53.333333333333336,68.0,60.66666666666667
1410,1873,10265,2011-02-22 00:00:00,67,Fast,49.0,Little,48.0,Mixed,Organised,53.0,Normal,63.0,Normal,67.0,Lots,Organised,58,Medium,47.0,Press,52.0,Normal,Cover,61.0,52.333333333333336,56.66666666666667
1411,1873,10265,2012-02-22 00:00:00,25,Slow,49.0,Little,25.0,Short,Organised,32.0,Safe,72.0,Lots,50.0,Normal,Organised,60,Medium,58.0,Press,61.0,Normal,Cover,51.333333333333336,59.666666666666664,55.5
1412,1873,10265,2013-09-20 00:00:00,30,Slow,49.0,Little,30.0,Short,Organised,32.0,Safe,72.0,Lots,50.0,Normal,Organised,60,Medium,58.0,Press,61.0,Normal,Cover,51.333333333333336,59.666666666666664,55.5
1413,1873,10265,2014-09-19 00:00:00,47,Balanced,52.0,Normal,36.0,Mixed,Organised,36.0,Normal,53.0,Normal,66.0,Normal,Organised,60,Medium,66.0,Press,53.0,Normal,Cover,51.666666666666664,59.666666666666664,55.666666666666664
1414,1873,10265,2015-09-10 00:00:00,33,Slow,49.0,Normal,37.0,Mixed,Free Form,33.0,Safe,37.0,Normal,31.0,Little,Free Form,62,Medium,58.0,Press,37.0,Normal,Cover,33.666666666666664,52.333333333333336,43.0
1415,175,8721,2010-02-22 00:00:00,65,Balanced,49.0,Little,45.0,Mixed,Organised,65.0,Normal,60.0,Normal,70.0,Lots,Organised,45,Medium,60.0,Press,50.0,Normal,Cover,65.0,51.666666666666664,58.33333333333333
1416,175,8721,2011-02-22 00:00:00,65,Balanced,49.0,Little,45.0,Mixed,Organised,65.0,Normal,36.0,Normal,51.0,Normal,Organised,58,Medium,47.0,Press,66.0,Normal,Cover,50.666666666666664,57.0,53.83333333333333
1417,175,8721,2012-02-22 00:00:00,54,Balanced,49.0,Little,59.0,Mixed,Organised,67.0,Risky,56.0,Normal,48.0,Normal,Organised,38,Medium,40.0,Press,45.0,Normal,Cover,57.0,41.0,49.0
1418,175,8721,2013-09-20 00:00:00,58,Balanced,49.0,Little,57.0,Mixed,Organised,68.0,Risky,72.0,Lots,70.0,Lots,Organised,64,Medium,42.0,Press,55.0,Normal,Cover,70.0,53.666666666666664,61.83333333333333
1419,175,8721,2014-09-19 00:00:00,58,Balanced,67.0,Lots,45.0,Mixed,Organised,68.0,Risky,60.0,Normal,54.0,Normal,Organised,59,Medium,48.0,Press,47.0,Normal,Cover,60.666666666666664,51.333333333333336,56.0
1420,175,8721,2015-09-10 00:00:00,68,Fast,45.0,Normal,57.0,Mixed,Organised,69.0,Risky,66.0,Normal,50.0,Normal,Organised,66,Medium,46.0,Press,55.0,Normal,Cover,61.666666666666664,55.666666666666664,58.666666666666664
1421,110,8602,2010-02-22 00:00:00,70,Fast,49.0,Little,70.0,Long,Organised,70.0,Risky,70.0,Lots,70.0,Lots,Organised,69,High,70.0,Double,70.0,Wide,Cover,70.0,69.66666666666667,69.83333333333334
1422,110,8602,2011-02-22 00:00:00,55,Balanced,49.0,Little,55.0,Mixed,Organised,60.0,Normal,60.0,Normal,45.0,Normal,Organised,45,Medium,45.0,Press,50.0,Normal,Cover,55.0,46.666666666666664,50.83333333333333
1423,110,8602,2012-02-22 00:00:00,67,Fast,49.0,Little,68.0,Long,Organised,42.0,Normal,68.0,Lots,56.0,Normal,Organised,48,Medium,60.0,Press,45.0,Normal,Cover,55.333333333333336,51.0,53.16666666666667
1424,110,8602,2013-09-20 00:00:00,63,Balanced,49.0,Little,61.0,Mixed,Organised,42.0,Normal,73.0,Lots,56.0,Normal,Organised,42,Medium,48.0,Press,52.0,Normal,Cover,57.0,47.333333333333336,52.16666666666667
1425,110,8602,2014-09-19 00:00:00,47,Balanced,28.0,Little,58.0,Mixed,Organised,55.0,Normal,64.0,Normal,56.0,Normal,Organised,47,Medium,48.0,Press,52.0,Normal,Cover,58.333333333333336,49.0,53.66666666666667
1426,110,8602,2015-09-10 00:00:00,46,Balanced,36.0,Normal,54.0,Mixed,Organised,55.0,Normal,47.0,Normal,48.0,Normal,Organised,47,Medium,48.0,Press,55.0,Normal,Cover,50.0,50.0,50.0
1427,435,7955,2010-02-22 00:00:00,60,Balanced,49.0,Little,45.0,Mixed,Organised,60.0,Normal,70.0,Lots,60.0,Normal,Organised,50,Medium,45.0,Press,55.0,Normal,Cover,63.333333333333336,50.0,56.66666666666667
1428,435,7955,2011-02-22 00:00:00,54,Balanced,49.0,Little,47.0,Mixed,Organised,37.0,Normal,48.0,Normal,53.0,Normal,Organised,49,Medium,45.0,Press,52.0,Normal,Cover,46.0,48.666666666666664,47.33333333333333
1429,435,7955,2012-02-22 00:00:00,49,Balanced,49.0,Little,50.0,Mixed,Organised,39.0,Normal,48.0,Normal,34.0,Normal,Organised,34,Medium,31.0,Contain,51.0,Normal,Cover,40.333333333333336,38.666666666666664,39.5
1430,1742,9868,2010-02-22 00:00:00,30,Slow,49.0,Little,30.0,Short,Organised,45.0,Normal,35.0,Normal,70.0,Lots,Organised,45,Medium,50.0,Press,45.0,Normal,Cover,50.0,46.666666666666664,48.33333333333333
1431,1742,9868,2011-02-22 00:00:00,40,Balanced,49.0,Little,58.0,Mixed,Organised,56.0,Normal,54.0,Normal,49.0,Normal,Organised,46,Medium,52.0,Press,67.0,Wide,Cover,53.0,55.0,54.0
1432,1742,9868,2012-02-22 00:00:00,60,Balanced,49.0,Little,44.0,Mixed,Organised,40.0,Normal,57.0,Normal,41.0,Normal,Organised,49,Medium,54.0,Press,50.0,Normal,Cover,46.0,51.0,48.5
1433,1742,9868,2013-09-20 00:00:00,60,Balanced,49.0,Little,44.0,Mixed,Organised,40.0,Normal,57.0,Normal,41.0,Normal,Organised,49,Medium,54.0,Press,50.0,Normal,Cover,46.0,51.0,48.5
1434,900,10192,2010-02-22 00:00:00,55,Balanced,49.0,Little,55.0,Mixed,Organised,55.0,Normal,70.0,Lots,60.0,Normal,Organised,55,Medium,55.0,Press,60.0,Normal,Offside Trap,61.666666666666664,56.666666666666664,59.166666666666664
1435,900,10192,2011-02-22 00:00:00,60,Balanced,49.0,Little,57.0,Mixed,Organised,65.0,Normal,69.0,Lots,68.0,Lots,Organised,48,Medium,49.0,Press,61.0,Normal,Cover,67.33333333333333,52.666666666666664,60.0
1436,900,10192,2012-02-22 00:00:00,52,Balanced,49.0,Little,69.0,Long,Organised,39.0,Normal,70.0,Lots,46.0,Normal,Organised,44,Medium,34.0,Press,50.0,Normal,Cover,51.666666666666664,42.666666666666664,47.166666666666664
1437,900,10192,2013-09-20 00:00:00,52,Balanced,49.0,Little,69.0,Long,Organised,39.0,Normal,70.0,Lots,46.0,Normal,Organised,44,Medium,34.0,Press,50.0,Normal,Cover,51.666666666666664,42.666666666666664,47.166666666666664
1438,900,10192,2014-09-19 00:00:00,52,Balanced,56.0,Normal,64.0,Mixed,Organised,39.0,Normal,66.0,Normal,46.0,Normal,Organised,44,Medium,34.0,Press,50.0,Normal,Cover,50.333333333333336,42.666666666666664,46.5
1439,900,10192,2015-09-10 00:00:00,52,Balanced,56.0,Normal,64.0,Mixed,Organised,39.0,Normal,66.0,Normal,46.0,Normal,Organised,44,Medium,34.0,Press,50.0,Normal,Cover,50.333333333333336,42.666666666666664,46.5
1440,110749,8021,2010-02-22 00:00:00,55,Balanced,49.0,Little,60.0,Mixed,Organised,30.0,Safe,40.0,Normal,70.0,Lots,Organised,69,High,70.0,Double,70.0,Wide,Cover,46.666666666666664,69.66666666666667,58.16666666666667
1441,110749,8021,2011-02-22 00:00:00,54,Balanced,49.0,Little,37.0,Mixed,Organised,48.0,Normal,38.0,Normal,37.0,Normal,Organised,47,Medium,58.0,Press,52.0,Normal,Cover,41.0,52.333333333333336,46.66666666666667
1442,110749,8021,2012-02-22 00:00:00,33,Slow,49.0,Little,38.0,Mixed,Organised,67.0,Risky,52.0,Normal,73.0,Lots,Organised,58,Medium,47.0,Press,52.0,Normal,Cover,64.0,52.333333333333336,58.16666666666667
1443,110749,8021,2013-09-20 00:00:00,33,Slow,49.0,Little,38.0,Mixed,Organised,67.0,Risky,52.0,Normal,48.0,Normal,Organised,58,Medium,47.0,Press,52.0,Normal,Cover,55.666666666666664,52.333333333333336,54.0
1444,110749,8021,2014-09-19 00:00:00,33,Slow,49.0,Normal,51.0,Mixed,Organised,38.0,Normal,63.0,Normal,48.0,Normal,Organised,58,Medium,38.0,Press,52.0,Normal,Cover,49.666666666666664,49.333333333333336,49.5
1445,244,8394,2010-02-22 00:00:00,30,Slow,49.0,Little,30.0,Short,Free Form,50.0,Normal,35.0,Normal,70.0,Lots,Organised,40,Medium,30.0,Contain,45.0,Normal,Offside Trap,51.666666666666664,38.333333333333336,45.0
1446,244,8394,2011-02-22 00:00:00,43,Balanced,49.0,Little,40.0,Mixed,Organised,46.0,Normal,38.0,Normal,42.0,Normal,Organised,38,Medium,40.0,Press,53.0,Normal,Cover,42.0,43.666666666666664,42.83333333333333
1447,244,8394,2012-02-22 00:00:00,34,Balanced,49.0,Little,23.0,Short,Organised,53.0,Normal,56.0,Normal,57.0,Normal,Organised,51,Medium,46.0,Press,61.0,Normal,Cover,55.333333333333336,52.666666666666664,54.0
1448,244,8394,2013-09-20 00:00:00,38,Balanced,49.0,Little,23.0,Short,Organised,53.0,Normal,56.0,Normal,57.0,Normal,Organised,51,Medium,46.0,Press,61.0,Normal,Cover,55.333333333333336,52.666666666666664,54.0
1449,244,8394,2014-09-19 00:00:00,38,Balanced,48.0,Normal,35.0,Mixed,Organised,53.0,Normal,56.0,Normal,57.0,Normal,Organised,51,Medium,46.0,Press,61.0,Normal,Cover,55.333333333333336,52.666666666666664,54.0
1450,244,8394,2015-09-10 00:00:00,52,Balanced,52.0,Normal,50.0,Mixed,Organised,52.0,Normal,56.0,Normal,57.0,Normal,Organised,48,Medium,43.0,Press,49.0,Normal,Cover,55.0,46.666666666666664,50.83333333333333
1451,112512,8027,2014-09-19 00:00:00,54,Balanced,51.0,Normal,40.0,Mixed,Organised,67.0,Risky,49.0,Normal,52.0,Normal,Organised,44,Medium,47.0,Press,52.0,Normal,Cover,56.0,47.666666666666664,51.83333333333333
1452,112512,8027,2015-09-10 00:00:00,54,Balanced,51.0,Normal,40.0,Mixed,Organised,46.0,Normal,49.0,Normal,52.0,Normal,Organised,44,Medium,47.0,Press,52.0,Normal,Cover,49.0,47.666666666666664,48.33333333333333
1453,15005,10000,2010-02-22 00:00:00,65,Balanced,49.0,Little,60.0,Mixed,Organised,60.0,Normal,40.0,Normal,50.0,Normal,Organised,69,High,60.0,Press,70.0,Wide,Cover,50.0,66.33333333333333,58.166666666666664
1454,15005,10000,2011-02-22 00:00:00,52,Balanced,49.0,Little,52.0,Mixed,Organised,52.0,Normal,48.0,Normal,53.0,Normal,Organised,46,Medium,48.0,Press,53.0,Normal,Cover,51.0,49.0,50.0
1455,15005,10000,2012-02-22 00:00:00,54,Balanced,49.0,Little,51.0,Mixed,Organised,47.0,Normal,52.0,Normal,50.0,Normal,Organised,44,Medium,55.0,Press,53.0,Normal,Cover,49.666666666666664,50.666666666666664,50.166666666666664
1456,15005,10000,2013-09-20 00:00:00,54,Balanced,49.0,Little,51.0,Mixed,Organised,47.0,Normal,52.0,Normal,32.0,Little,Organised,44,Medium,58.0,Press,37.0,Normal,Cover,43.666666666666664,46.333333333333336,45.0
1457,15005,10000,2014-09-19 00:00:00,54,Balanced,42.0,Normal,51.0,Mixed,Organised,47.0,Normal,52.0,Normal,32.0,Little,Organised,44,Medium,58.0,Press,37.0,Normal,Cover,43.666666666666664,46.333333333333336,45.0
1458,15005,10000,2015-09-10 00:00:00,54,Balanced,42.0,Normal,51.0,Mixed,Organised,47.0,Normal,52.0,Normal,32.0,Little,Organised,44,Medium,58.0,Press,37.0,Normal,Cover,43.666666666666664,46.333333333333336,45.0
